INSERT INTO
    `bidangs` (
        `id`,
        `nama_bidang`,
        `deskripsi`,
        `created_at`,
        `updated_at`
    )
VALUES
    (
        1,
        'Tata Boga',
        'Bidang keahlian yang mengajarkan teknik memasak, penyajian, dan manajemen makanan.',
        NULL,
        NULL
    ),
    (
        2,
        'Tata Busana',
        'Bidang keahlian untuk menjadi desainer busana yang handal, dari membuat pola hingga jahitan akhir.',
        NULL,
        NULL
    ),
    (
        3,
        'Kecantikan',
        'Bidang keahlian yang mengajarkan teknik perawatan kecantikan, mulai dari wajah hingga tubuh.',
        NULL,
        NULL
    ),
    (
        4,
        'Teknik Pendingin dan Tata Udara',
        'Bidang keahlian yang berfokus pada instalasi dan perawatan sistem pendingin dan tata udara.',
        NULL,
        NULL
    ),
    (
        5,
        'Web Desain',
        'Bidang keahlian yang mengajarkan pembuatan dan pengembangan situs web, termasuk desain antarmuka pengguna dan pengalaman pengguna.',
        NULL,
        NULL
    ),
    (
        6,
        'Desain Grafis',
        'Bidang keahlian yang mengajarkan pembuatan dan pengembangan karya desain grafis seperti poster, brosur, dan logo.',
        NULL,
        NULL
    ),
    (
        7,
        'Animasi',
        'Bidang keahlian yang mengajarkan pembuatan dan pengembangan animasi, seperti animasi 2D dan animasi 3D.',
        NULL,
        NULL
    ),
    (
        8,
        'Fotografi',
        'Bidang keahlian yang mengajarkan teknik pengambilan gambar, pengeditan foto, dan pencetakan.',
        NULL,
        NULL
    ),
    (
        9,
        'Videografi',
        'Bidang keahlian yang mengajarkan teknik pembuatan dan pengeditan video, termasuk sinematografi dan pascaproduksi.',
        NULL,
        NULL
    );

INSERT INTO
    `cabang_dinas` (
        `id`,
        `nama`,
        `alamat`,
        `laman`,
        `created_at`,
        `updated_at`
    )
VALUES
    (
        1,
        'Cabang Dinas Pendidikan Wilayah Pasuruan',
        'Jl. Panglima Sudirman No.54, Kecamatan Purworejo, Kota Pasuruan, Jawa Timur',
        'https://pasuruancab.dindik.jatimprov.go.id/',
        NULL,
        NULL
    ),
    (
        2,
        'Cabang Dinas Pendidikan Wilayah Probolinggo',
        'Jl. Anggur, Wonoasih, Kecamatan Wonoasih, Kota Probolinggo, Jawa Timur 67232',
        'https://probolinggocab.dindik.jatimprov.go.id/',
        NULL,
        NULL
    ),
    (
        3,
        'Cabang Dinas Pendidikan Wilayah Bondowoso - Situbondo',
        'Jl. HOS Cokroaminoto No.121, Gudangmas, Kademangan, Kecamatan Bondowoso, Kabupaten Bondowoso, Jawa Timur 68217',
        'https://bondowosocab.dindik.jatimprov.go.id/',
        NULL,
        NULL
    ),
    (
        4,
        'Cabang Dinas Pendidikan Wilayah Jember - Lumajang',
        'Jl. Kalimantan No.42, Tegalboto, Krajan Timur, Kecamatan Sumbersari, Kabupaten Jember 68121',
        'https://cabdindikwilayahjember.com/',
        NULL,
        NULL
    ),
    (
        5,
        'Cabang Dinas Pendidikan Wilayah Banyuwangi',
        'Jl. Basuki Rahmat No.46, Lateng, Kecamatan Banyuwangi, Kabupaten Banyuwangi, Jawa Timur 68414',
        'https://www.instagram.com/cabdinbanyuwangi/',
        NULL,
        NULL
    ),
    (
        6,
        'Cabang Dinas Pendidikan Wilayah Kabupaten Malang',
        'Jl. Simpang Ijen No.2 Oro-oro Dowo, Kecamatan Klojen, Malang, Jawa Timur 65119',
        'https://malangcab.dindik.jatimprov.go.id/',
        NULL,
        NULL
    ),
    (
        7,
        'Cabang Dinas Pendidikan Wilayah Malang - Batu',
        'Jl. Anjasmoro No.40, Oro-oro Dowo, Kecamatan Klojen, Kota Malang, Jawa Timur 65119',
        'https://batu-malangkotacab.dindik.jatimprov.go.id/',
        NULL,
        NULL
    ),
    (
        8,
        'Cabang Dinas Pendidikan Wilayah Blitar',
        'Jl. Sultan Agung No.66, Sananwetan, Kecamatan Sananwetan, Kota Blitar, Jawa Timur 66137',
        NULL,
        NULL,
        NULL
    ),
    (
        9,
        'Cabang Dinas Pendidikan Wilayah Tulungagung - Trenggalek',
        'Jl. Diponegoro, Tromertan, Krajan, Surodakan, Kecamatan Trenggalek, Kabupaten Trenggalek, Jawa Timur 66316',
        NULL,
        NULL,
        NULL
    ),
    (
        10,
        'Cabang Dinas Pendidikan Wilayah Kediri',
        'Jl. Jaksa Agung Suprapto No.2, Mojoroto, Kecamatan Kediri, Kota Kediri, Jawa Timur 64112',
        'https://kediricab.dindik.jatimprov.go.id/',
        NULL,
        NULL
    ),
    (
        11,
        'Cabang Dinas Pendidikan Wilayah Nganjuk',
        'Jl. Brantas, Gg. III, Ngrengket, Kecamatan Sukomoro, Kabupaten Nganjuk, Jawa Timur 64481',
        'https://nganjukcab.dindik.jatimprov.go.id/',
        NULL,
        NULL
    ),
    (
        12,
        'Cabang Dinas Pendidikan Wilayah Madiun - Ngawi',
        'Jl. Pahlawan No.31, Kartoharjo, Kecamatan Kartoharjo, Kota Madiun, Jawa Timur 63121',
        'https://www.instagram.com/cabdindik_madiun/',
        NULL,
        NULL
    ),
    (
        13,
        'Cabang Dinas Pendidikan Wilayah Ponorogo - Magetan',
        'Jl. Gajah Mada No.40, Pesantren. Surodikraman, Kecamatan Ponorogo, Kabupaten Ponorogo, Jawa Timur 63419',
        NULL,
        NULL,
        NULL
    ),
    (
        14,
        'Cabang Dinas Pendidikan Wilayah Pacitan',
        'Jl. Raden Saleh, Kabupaten Pacitan, Jawa Timur',
        'https://pacitancab.dindik.jatimprov.go.id/',
        NULL,
        NULL
    ),
    (
        15,
        'Cabang Dinas Pendidikan Wilayah Bojonegoro - Tuban',
        'Jl. Panglima Sudirman No.36, Kelurahan Baturetno, Kecamatan Tuban, Kabupaten Tuban, Jawa Timur',
        'https://tubancab.dindik.jatimprov.go.id/',
        NULL,
        NULL
    ),
    (
        16,
        'Cabang Dinas Pendidikan Wilayah Lamongan',
        'Jl. Kombespol M. Duryat No.7, Kabupaten Lamongan, Jawa Timur',
        NULL,
        NULL,
        NULL
    ),
    (
        17,
        'Cabang Dinas Pendidikan Wilayah Gresik',
        'Jl. DR. Wahidin Sudiro Husodo No.229, Kembangan, Kecamatan Kebomas, Kabupaten Gresik, Jawa Timur 61124',
        'https://gresikcab.dindik.jatimprov.go.id/',
        NULL,
        NULL
    ),
    (
        18,
        'Cabang Dinas Pendidikan Wilayah Sidoarjo',
        'Jl. Ponti No.09, Lingkar Barat, Kabupaten Sidoarjo, Provinsi Jawa Timur',
        'https://sidoarjocab.dindik.jatimprov.go.id/',
        NULL,
        NULL
    ),
    (
        19,
        'Cabang Dinas Pendidikan Wilayah Jombang',
        'Jl. DR. Wahidin Sudirohusodo No.6, Sengon, Kabupaten Jombang, Jawa Timur 61419',
        'https://www.instagram.com/cabdin_jombang/',
        NULL,
        NULL
    ),
    (
        20,
        'Cabang Dinas Pendidikan Wilayah Mojokerto',
        'Jl. Hayam Wuruk No.66, Mergelo, Kecamatan Magersari, Mojokerto, Jawa Timur 61318',
        'https://www.instagram.com/',
        NULL,
        NULL
    ),
    (
        21,
        'Cabang Dinas Pendidikan Wilayah Bangkalan',
        'Jl. Soekarno Hatta No.16, Mlajah, Kecamatan Bangkalan, Kabupaten Bangkalan, Jawa Timur 69116',
        NULL,
        NULL,
        NULL
    ),
    (
        22,
        'Cabang Dinas Pendidikan Wilayah Sampang',
        'Jl. Merpati No.5, Kabupaten Sampang, Jawa Timur 69216',
        'https://www.instagram.com/cabdin_sampang/?hl=id',
        NULL,
        NULL
    ),
    (
        23,
        'Cabang Dinas Pendidikan Wilayah Pamekasan',
        'Jl. Slamet Riyadi No.01, Pamekasan Jawa Timur 69313',
        'https://pamekasancab.dindik.jatimprov.go.id/',
        NULL,
        NULL
    ),
    (
        24,
        'Cabang Dinas Pendidikan Wilayah Sumenep',
        'Jl. Urip Sumoharjo, Mastasek, Pabian, Kecamatan Kota Sumenep, Kabupaten Sumenep, Jawa Timur 69417',
        'https://www.instagram.com/cabdin_sumenep/',
        NULL,
        NULL
    );

INSERT INTO
    `cache` (`key`, `value`, `expiration`)
VALUES
    (
        'upt_ptkk_cache_da4b9237bacccdf19c0760cab7aec4a8359010b0',
        'i:3;',
        1756198035
    ),
    (
        'upt_ptkk_cache_da4b9237bacccdf19c0760cab7aec4a8359010b0:timer',
        'i:1756198035;',
        1756198035
    ),
    (
        'upt_ptkk_cache_livewire-rate-limiter:e3b6d348820da0eb679d56598675a0310f24cede',
        'i:1;',
        1756276047
    ),
    (
        'upt_ptkk_cache_livewire-rate-limiter:e3b6d348820da0eb679d56598675a0310f24cede:timer',
        'i:1756276047;',
        1756276047
    ),
    (
        'upt_ptkk_cache_spatie.permission.cache',
        'a:3:{s:5:\"alias\";a:0:{}s:11:\"permissions\";a:0:{}s:5:\"roles\";a:0:{}}',
        1756280691
    );

INSERT INTO
    `instansis` (
        `id`,
        `asal_instansi`,
        `alamat_instansi`,
        `bidang_keahlian`,
        `kelas`,
        `cabang_dinas_wilayah`,
        `created_at`,
        `updated_at`
    )
VALUES
    (
        2,
        'SMK NEGRI 2 BOJONEGORO',
        'JL.patimura NO.3',
        '4',
        'XI',
        '15',
        '2025-08-20 08:29:27',
        '2025-08-20 08:29:27'
    ),
    (
        3,
        'SMKN 2 KOTA PROBOLINGGO',
        'Jl. Mastrip No. 153 Kota Probolinggo',
        '4',
        'XI',
        '2',
        '2025-08-20 09:28:17',
        '2025-08-20 09:28:17'
    ),
    (
        4,
        'SMKN 3 Probolinggo',
        'Jl. Pahlawan No. 26A, Kota Probolinggo.',
        '3',
        'XI',
        '2',
        '2025-08-20 10:06:36',
        '2025-08-20 10:06:36'
    ),
    (
        5,
        'SMKN 1 JATIREJO',
        'Jln. Sumengko Jatirejoo',
        '4',
        'XI',
        '20',
        '2025-08-20 11:23:32',
        '2025-08-20 11:23:32'
    ),
    (
        6,
        'SMK NEGERI 1 NGASEM',
        'Jl. Totok Kerot Ds. Sumberejo Kabupaten Kediri',
        '1',
        'XI',
        '10',
        '2025-08-20 11:58:13',
        '2025-08-20 11:58:13'
    ),
    (
        7,
        'SMKN 1TUBAN',
        'Jl. Mastrip No.2, Sidorejo, Kec. Tuban, Kabupaten Tuban, Jawa Timur 62315',
        '4',
        'XI',
        '15',
        '2025-08-20 12:13:59',
        '2025-08-20 12:13:59'
    ),
    (
        8,
        'SMK Negri 2 Blitar',
        'Jl. Raya Kediri - Blitar, Pakunden, Kec. Sukorejo, Kota Blitar, Jawa Timur 66122',
        '2',
        'XI',
        '8',
        '2025-08-20 12:19:16',
        '2025-08-20 12:19:16'
    ),
    (
        9,
        'SMKN 1 Gedangan',
        'Jl Raya Sumberejo Kecamatan Gedangan Kabupaten Malang',
        '1',
        'XI',
        '6',
        '2025-08-20 12:25:07',
        '2025-08-20 12:25:07'
    ),
    (
        10,
        'SMK NEGERI 2 LAMONGAN',
        'Jl. Veteran no. 7A Lamongan',
        '2',
        'XI',
        '16',
        '2025-08-20 12:30:28',
        '2025-08-20 12:30:28'
    ),
    (
        13,
        'SMKN 1 Pungging',
        'Dsn. Lebaksono Ds. Lebaksono Kec. pungging Kab. Mojokerto',
        '4',
        'XI',
        '20',
        '2025-08-20 13:04:04',
        '2025-08-20 13:04:04'
    ),
    (
        14,
        'SMK NEGERI 1 BANGIL',
        'JL. Tongkol No.3 Sukalipuro, Dermo, Bangil, Pasuruan, Jawa Timur 67153',
        '2',
        'XI',
        '1',
        '2025-08-20 13:10:17',
        '2025-08-20 13:10:17'
    ),
    (
        15,
        'SMKN 1 Kertosono',
        'Jl. Langsep 24 Kertosono nganjuk',
        '2',
        'XI',
        '11',
        '2025-08-20 13:57:25',
        '2025-08-20 13:57:25'
    ),
    (
        16,
        'SMK Negeri 2 Nganjuk',
        'Jl Lawu No.3, Kab. Nganjuk',
        '3',
        'XI',
        '11',
        '2025-08-20 14:09:41',
        '2025-08-20 14:09:41'
    ),
    (
        17,
        'SMKN 1 CERME GRESIK',
        'Jl. Jurit, Cerme Kidul, Kec. Cerme, Kabupaten Gresik, Jawa Timur 61171',
        '4',
        'XI',
        '17',
        '2025-08-20 14:12:20',
        '2025-08-20 14:12:20'
    ),
    (
        18,
        'SMKN 2 BONDOWOSO',
        'Jl. a yani 48 Bondowoso',
        '3',
        'XI',
        '3',
        '2025-08-20 14:28:22',
        '2025-08-20 14:28:22'
    ),
    (
        19,
        'SMK Negeri 1 Purwoasri',
        'Ds. Mranggen Kec. Purwoasri, Kab.Kediri',
        '4',
        'XI',
        '10',
        '2025-08-20 14:44:46',
        '2025-08-20 14:44:46'
    ),
    (
        22,
        'SMKN 1 BANYUPUTIH',
        'Jl. KH Ahmad Zaini Dahlan, Bindung, Sumberanyar, Kec. Banyuputih, Kabupaten Situbondo, Jawa Timur',
        '2',
        'XI',
        '3',
        '2025-08-20 15:12:10',
        '2025-08-20 15:12:10'
    ),
    (
        23,
        'smkn1 Lamongan',
        'jl. panglima sudirmam no 84 lamongan',
        '3',
        'XI',
        '16',
        '2025-08-20 20:24:24',
        '2025-08-20 20:24:24'
    ),
    (
        24,
        'SMK Negeri 1 Grogol',
        'Jalan Raya Cerme, Dusun Glatik, Desa Cerme, Kecamatan Grogol, Kabupaten Kediri',
        '2',
        'XI',
        '10',
        '2025-08-21 01:58:09',
        '2025-08-21 01:58:09'
    ),
    (
        25,
        'SMKN 1 Tamanan',
        'Jl. Maesan No, - Tamanan Bondowoso',
        '2',
        'XI',
        '3',
        '2025-08-21 02:29:10',
        '2025-08-21 02:29:10'
    ),
    (
        26,
        'SMK NEGERI 1 DRIYOREJO',
        'Jalan Mirah Delima Kota Baru Driyorejo (KBD) Kabupaten Gresik',
        '4',
        'XI',
        '17',
        '2025-08-21 02:48:09',
        '2025-08-21 02:48:09'
    ),
    (
        27,
        'SMKN 1 SAMBENG - LAMONGAN',
        'Jalan Raya Pasarlegi 01 Sambeng - Lamongan',
        '2',
        'XI',
        '16',
        '2025-08-21 02:49:15',
        '2025-08-21 02:49:15'
    ),
    (
        28,
        'SMKN 1 Sumberasih',
        'Jl. Brawijaya N0 78 Lemah Kembar Sumberasih Kabupaten Probolinggo',
        '4',
        'XI',
        '2',
        '2025-08-21 03:14:17',
        '2025-08-21 03:14:17'
    ),
    (
        29,
        'SMK Negeri 1 Sooko Mojokerto',
        'Jalan RA. Basuni, Nomor 5, Sooko, Mojokerto',
        '3',
        'XI',
        '20',
        '2025-08-21 03:33:49',
        '2025-08-21 03:33:49'
    ),
    (
        30,
        'SMK NEGERI 1 BRONDONG',
        'JL. Raya Brondong Ds. Tlogoretno Kec. Brondong Kab. Lamongan',
        '2',
        'XI',
        '16',
        '2025-08-21 03:40:57',
        '2025-08-21 03:40:57'
    ),
    (
        31,
        'SMK Negri 1 turen',
        'Jl. Panglima Sudirman No. 41 Turen',
        '2',
        'XI',
        '6',
        '2025-08-21 03:54:31',
        '2025-08-21 03:54:31'
    ),
    (
        32,
        'SMK NEGRI 2 BOJONEGORO',
        'Jl. Patimura No. 3',
        '4',
        'XI',
        '15',
        '2025-08-21 05:02:39',
        '2025-08-21 05:02:39'
    ),
    (
        33,
        'SMK Negeri 1 Kras',
        'Dusun Demangan Desa Setonorejo Kec. Kras Kabupaten Kediri',
        '1',
        'XI',
        '10',
        '2025-08-21 07:07:23',
        '2025-08-21 07:07:23'
    ),
    (
        34,
        'SMK Negeri 1 Dlanggu',
        'Jl. Jend. A.Yani 1 Ds.Pohkecik Kec. Dlanggu Kab.Mojokerto',
        '1',
        'XI',
        '20',
        '2025-08-21 09:06:51',
        '2025-08-21 09:06:51'
    ),
    (
        35,
        'SMKN 2 BAGOR',
        'Jalan Raya Solo No. 146, Selorejo, Kecamatan Bagor, Kabupaten Nganjuk, Jawa Timur, 64461',
        '1',
        'XI',
        '11',
        '2025-08-21 12:12:02',
        '2025-08-21 12:12:02'
    ),
    (
        36,
        'SMK Negeri 2 Mojokerto',
        'Jl. Raya Pulorejo, Mergelo, Pulorejo, Kec. Prajurit Kulon, Kota Mojokerto, Jawa Timur 61325',
        '1',
        'XI',
        '20',
        '2025-08-21 12:17:34',
        '2025-08-21 12:17:34'
    ),
    (
        37,
        'SMK Negeri 3 Blitar',
        'Jl. Soedanco Supriadi No. 24C, Bendogerit, Kec. Sananwetan, Kota Blitar, Jawa Timur 66133',
        '3',
        'XI',
        '8',
        '2025-08-21 13:56:56',
        '2025-08-21 13:56:56'
    ),
    (
        38,
        'SMKN 1 Panji Situbondo',
        'Jl. Gunung Arjuno 17, Mimbaan, Situbondo 68322',
        '3',
        'XI',
        '3',
        '2025-08-21 14:23:25',
        '2025-08-21 14:23:25'
    ),
    (
        39,
        'SMKN 3 Malang',
        'Jl. Surabaya no.1 gading kasri kec.klojen',
        '2',
        'XI',
        '7',
        '2025-08-22 02:54:10',
        '2025-08-22 02:54:10'
    ),
    (
        40,
        'SMK Negeri 1 Sawoo',
        'Jalan Route PB Jend. Soedirman No 02 Sawoo, Ponorogo',
        '1',
        'XI',
        '13',
        '2025-08-22 03:04:40',
        '2025-08-22 03:04:40'
    ),
    (
        41,
        'SMKN 3 MALANG',
        'Jl.surabaya no.1.gading kasri kec.klojen',
        '2',
        'XI',
        '7',
        '2025-08-22 03:13:06',
        '2025-08-22 03:13:06'
    ),
    (
        42,
        'SMKN 3 Malang',
        'Jl. Surabaya no. 1 kelurahan gading kadri kec. Klojen',
        '2',
        'XI',
        '7',
        '2025-08-22 03:29:58',
        '2025-08-22 03:29:58'
    ),
    (
        43,
        'SMKN 1 Badegan',
        'jl Suyudono no. 1 Badegan Kab. Ponorogo',
        '1',
        'XI',
        '13',
        '2025-08-22 03:50:52',
        '2025-08-22 03:50:52'
    ),
    (
        44,
        'SMKN 1 BATU',
        'JL BROMO 11 KOTA BATU',
        '1',
        'XI',
        '7',
        '2025-08-22 04:13:21',
        '2025-08-22 04:13:21'
    ),
    (
        45,
        'SMKN 1 BATU',
        'JL BROMO 11 KOTA BATU',
        '3',
        'XI',
        '7',
        '2025-08-22 04:18:43',
        '2025-08-22 04:18:43'
    ),
    (
        46,
        'SMKN 1 BATU',
        'JL BROMO 11 KOTA BATU',
        '1',
        'XI',
        '7',
        '2025-08-22 05:14:42',
        '2025-08-22 05:14:42'
    ),
    (
        47,
        'SMKN 1 BATU',
        'JL BROMO 11 KOTA BATU',
        '1',
        'XI',
        '7',
        '2025-08-22 05:19:47',
        '2025-08-22 05:19:47'
    ),
    (
        48,
        'SMK Negeri Prigen',
        'Jl.Pecalukan-Ledug',
        '1',
        'XI',
        '1',
        '2025-08-22 05:39:12',
        '2025-08-22 05:39:12'
    ),
    (
        49,
        'SMK Negeri 1 Kota Kediri',
        'Jl. Veteran 9 Mojoroto, Kota Kediri',
        '4',
        'XI',
        '10',
        '2025-08-22 06:11:46',
        '2025-08-22 06:11:46'
    ),
    (
        50,
        'SMKN 3 Malang',
        'Jl Surabaya no, 1 , Gading kasri, Kota MalangKec. Klojen',
        '1',
        'XI',
        '7',
        '2025-08-22 06:50:04',
        '2025-08-22 06:50:04'
    ),
    (
        51,
        'SMKN 1 Nglegok',
        'Jl. Penataran No. 1 Nglegok',
        '1',
        'XI',
        '8',
        '2025-08-22 07:00:55',
        '2025-08-22 07:00:55'
    ),
    (
        52,
        'SMK Negeri 1 Klabang',
        'Jln. Raya Blimbing no. 12 Desa Klabang Kec. Klabang Kab. Bondowoso',
        '4',
        'XI',
        '3',
        '2025-08-22 07:03:44',
        '2025-08-22 07:03:44'
    ),
    (
        53,
        'SMK Negeri 1 Batu',
        'Jalan Bromo no 11 Sisir, Batu',
        '2',
        'XI',
        '7',
        '2025-08-22 07:40:52',
        '2025-08-22 07:40:52'
    ),
    (
        54,
        'SMKN 1 Batu',
        'Jalan Bromo no 11 sisir, batu',
        '2',
        'XI',
        '7',
        '2025-08-22 07:53:55',
        '2025-08-22 07:53:55'
    ),
    (
        55,
        'SMKN 1 Slahung Ponorogo',
        'jln Macan Tutul, Galak, Kec Slahung, Kab Ponorogo',
        '1',
        'XI',
        '13',
        '2025-08-22 07:58:16',
        '2025-08-22 07:58:16'
    ),
    (
        56,
        'SMKN 2 MALANG',
        'Jl. Veteran no.17',
        '1',
        'XI',
        '7',
        '2025-08-22 09:32:46',
        '2025-08-22 09:32:46'
    ),
    (
        57,
        'SMK Negeri 2 Bangkalan',
        'Jl. Halim Perdana Kusuma (Ring road) Bangkalan',
        '4',
        'XI',
        '21',
        '2025-08-22 11:13:03',
        '2025-08-22 11:13:03'
    ),
    (
        58,
        'SMK NEGERI 1 BEJI',
        'Jl. Wicaksana No. 22b, Gununggangsir, Beji, Pasuruan, Jawa Timur, 67154.',
        '4',
        'XI',
        '1',
        '2025-08-22 11:45:00',
        '2025-08-22 11:45:00'
    ),
    (
        59,
        'SMK Negeri 3 Malang',
        'Jl. Surabaya No. 1',
        '3',
        'XII',
        '7',
        '2025-08-22 12:16:46',
        '2025-08-22 12:16:46'
    ),
    (
        60,
        'SMK NEGERI 3 MALANG',
        'JL. Surabaya No 1, Klojen, Malang',
        '3',
        'XII',
        '7',
        '2025-08-22 12:22:18',
        '2025-08-22 12:22:18'
    ),
    (
        61,
        'SMKN 1 LAMONGAN',
        'jl. panglima sudirmam no 84 lamongan',
        '3',
        'XI',
        '16',
        '2025-08-22 13:14:10',
        '2025-08-22 13:14:10'
    ),
    (
        62,
        'SMK NEGERI 2 MAGETAN',
        'JL KEMASAN NO 13 MAGETAN',
        '3',
        'XI',
        '13',
        '2025-08-22 13:34:42',
        '2025-08-22 13:34:42'
    ),
    (
        63,
        'SMK NEGERI 2 PONOROGO',
        'Jl Laksamana Yos Sudarso No. 21a, Kelurahan Kepatihan, Kecamatan Ponorogo, Kabupaten Ponorogo, Jawa Timur',
        '3',
        'XI',
        '13',
        '2025-08-22 13:39:15',
        '2025-08-22 13:39:15'
    ),
    (
        64,
        'SMKN 1 BANGKALAN',
        'Jl. Kenanga N0.04,Mlajah - Bangkalan, 69116',
        '2',
        'XI',
        '21',
        '2025-08-22 13:41:46',
        '2025-08-22 13:41:46'
    ),
    (
        65,
        'TEKNIK INSTALASITENAGA LISTRIK',
        'SMKN 1 SINGOSARI',
        '4',
        'XI',
        '6',
        '2025-08-22 13:42:27',
        '2025-08-22 13:42:27'
    ),
    (
        66,
        'SMK NEGERI 2 TRENGGALEK',
        'Jl. Ronggo Warsito Gg. Sidomukti No. 1, Kec. Trenggalek, Kab. Trenggalek',
        '4',
        'XI',
        '9',
        '2025-08-23 09:23:46',
        '2025-08-23 09:23:46'
    ),
    (
        67,
        'SMKN 3 MALANG',
        'Jl. Surabaya No.1, Gading Kasri, Kec. Klojen, Kota Malang',
        '1',
        'XII',
        '7',
        '2025-08-23 14:19:14',
        '2025-08-23 14:19:14'
    );


INSERT INTO
    `pelatihans` (
        `id`,
        `nama_pelatihan`,
        `slug`,
        `gambar`,
        `tanggal_mulai`,
        `tanggal_selesai`,
        `deskripsi`,
        `created_at`,
        `updated_at`
    )
VALUES
    (
        1,
        'Kegiatan Pengembangan dan Pelatihan Kompetensi Vokasi bagi Siswa SMA/SMK (MILEA) menuju Generasi Emas 2045 (Kelas Keterampilan) Angkatan II Tahun 2025',
        NULL,
        NULL,
        '2025-09-01',
        '2025-09-06',
        NULL,
        NULL,
        NULL
    );

INSERT INTO
    `pesertas` (
        `id`,
        `pelatihan_id`,
        `bidang_id`,
        `instansi_id`,
        `nama`,
        `nik`,
        `tempat_lahir`,
        `tanggal_lahir`,
        `jenis_kelamin`,
        `agama`,
        `alamat`,
        `no_hp`,
        `email`,
        `created_at`,
        `updated_at`
    )
VALUES
    (
        1,
        1,
        4,
        3,
        'Sepni Amzah',
        '3574041406080003',
        'Probolinggo',
        '2008-06-14',
        'Laki-laki',
        'Islam',
        'Jalan Slamet Riyadi S Rokan Blok Klompang N0 42',
        '082331020465',
        'sepniamzah5@gmail.com',
        '2025-08-20 09:28:17',
        '2025-08-20 09:28:17'
    ),
    (
        2,
        1,
        3,
        4,
        'Firdaussy Nurliza Ramadhani',
        '3513056109070001',
        'Probolinggo',
        '2007-09-21',
        'Perempuan',
        'Islam',
        'Jl. Pahlawan 1, RT 004/RW 005, Sumberkedawung, Leces, Probolinggo',
        '085815776656',
        'firdanurliza9@gmail.com',
        '2025-08-20 10:06:36',
        '2025-08-20 10:06:36'
    ),
    (
        3,
        1,
        4,
        5,
        'MOCH ADAM ASSADDIL RAIZ',
        '3517062106090001',
        'JOMBANG',
        '2009-06-21',
        'Laki-laki',
        'Islam',
        'JAMBUWOK, DUSUN JAMBUWOK\r\nRT 07 RW 02',
        '085755193621',
        'adamassaddil@gmail.com',
        '2025-08-20 11:23:32',
        '2025-08-20 11:23:32'
    ),
    (
        4,
        1,
        1,
        6,
        'NAYSILLA NOVI NUR KHUMAIRA',
        '3506114111080002',
        'KEDIRI',
        '2008-11-01',
        'Perempuan',
        'Islam',
        'Desa Tengger Kidul RT.04. RW.03 Kec. Pagu Kab. Kediri',
        '082143214002',
        'naysillanovi11@gmail.com',
        '2025-08-20 11:58:13',
        '2025-08-20 11:58:13'
    ),
    (
        5,
        1,
        4,
        7,
        'OKY RIYANTO',
        '3523152210080002',
        'TUBAN',
        '2008-10-22',
        'Laki-laki',
        'Islam',
        'Lingkungan Dondong Rt.03 Rw.09 Kelurahan Gedongombo Kecamatan Semanding Kabupaten Tuban',
        '628899179062',
        'okyriyanto369@gmail.com',
        '2025-08-20 12:13:59',
        '2025-08-20 12:13:59'
    ),
    (
        6,
        1,
        2,
        8,
        'Prajwalita Zulfa Fatika Chusna',
        '3505034903080001',
        'BLITAR',
        '2008-03-09',
        'Perempuan',
        'Islam',
        'Dsn Karanggayam \r\nKec Srengat \r\nKabupaten Blitar',
        '081252283167',
        'prajwalitacusna@gmail.com',
        '2025-08-20 12:19:16',
        '2025-08-20 12:19:16'
    ),
    (
        7,
        1,
        1,
        9,
        'RALVIO OCZA ZEBIAN',
        '3507291207080001',
        'Malang',
        '2008-08-12',
        'Laki-laki',
        'Islam',
        'JJln. Raya Desa Segaran Rt.07 Rw.03 kec. Gedangan Kab. Malang',
        '082142773469',
        'ralvioocza30@gmail.com',
        '2025-08-20 12:25:07',
        '2025-08-20 12:25:07'
    ),
    (
        8,
        1,
        2,
        10,
        'RYNDI MEGA HERAWATI',
        '3524166002090001',
        'Lamongan',
        '2009-02-20',
        'Perempuan',
        'Islam',
        'Dusun Maijo, Desa Kedungsoko, Kecamatan Mantup, Kabupaten Lamongan',
        '085704309810',
        'rindi121299@gmail.com',
        '2025-08-20 12:30:28',
        '2025-08-20 12:30:28'
    ),
    (
        9,
        1,
        4,
        13,
        'RANGGA EKA PUTRA ELYANTO',
        '3516032105080001',
        'Mojokerto',
        '2008-05-21',
        'Laki-laki',
        'Islam',
        'Dsn. Kandangan Ds. kuripansari Kec. pacet',
        '085749308942',
        'ranggaproject63@gmail.com',
        '2025-08-20 13:04:04',
        '2025-08-20 13:04:04'
    ),
    (
        10,
        1,
        2,
        14,
        'Dewi Safira Febriana',
        '3514114502090001',
        'Pasuruan',
        '2009-02-05',
        'Perempuan',
        'Islam',
        'satak kepoh RT.007 / RW.003 - Manaruwi - Bangil',
        '085850100186',
        'dewisafira973@gmail.com',
        '2025-08-20 13:10:17',
        '2025-08-20 13:10:17'
    ),
    (
        11,
        1,
        2,
        15,
        'Amelta Aulia Subarko',
        '3518074107070003',
        'Nganjuk',
        '2029-03-09',
        'Perempuan',
        'Islam',
        'Dsn. Sumberkepuh, Ds. Klurahan, Kec. Ngronggot, Kab. Nganjuk',
        '081805792203',
        'meltacialia@gmail.com',
        '2025-08-20 13:57:25',
        '2025-08-20 13:57:25'
    ),
    (
        12,
        1,
        3,
        16,
        'LUTFI HIDAYATUR ROHIM',
        '0000000000000000',
        'Nganjuk',
        '2008-04-18',
        'Perempuan',
        'Islam',
        'Ds. Jatirejo, Kec. Nganjuk, Kab. Nganjuk',
        '085707361280',
        'lutfiturrohim@gmail.com',
        '2025-08-20 14:09:41',
        '2025-08-20 14:09:41'
    ),
    (
        13,
        1,
        4,
        17,
        'RADITHYA FAUSTA ARIEF',
        '3578191911080001',
        'Surabaya',
        '2008-11-19',
        'Laki-laki',
        'Islam',
        'SEMEMIJAYA GG 5 C BLOK 1 NO 4\r\nRT2, RW1',
        '085704018360',
        'faustaatifradithya@gmail.com',
        '2025-08-20 14:12:20',
        '2025-08-20 14:12:20'
    ),
    (
        14,
        1,
        3,
        18,
        'Alifia Ziqna Faradiba',
        '3511174411080001',
        'Bondowoso',
        '2008-11-04',
        'Perempuan',
        'Islam',
        'Jl. Diponegoro no 214, Kotakulon Bondowoso Jawa timur',
        '083817525825',
        'alifiafaradiba043@gmail.com',
        '2025-08-20 14:28:22',
        '2025-08-20 14:28:22'
    ),
    (
        15,
        1,
        4,
        19,
        'Muhammad Nazar Qoirun Nazmi',
        '3506151812080001',
        'Kediri',
        '2008-12-18',
        'Laki-laki',
        'Islam',
        'RT/RW 1/1 Dsn. Jantok Ds. Jantok, Kec. Purwoasri, Kab. Kediri',
        '085806406008',
        'mnazar.qn18@gmail.com',
        '2025-08-20 14:44:46',
        '2025-08-20 14:44:46'
    ),
    (
        16,
        1,
        2,
        22,
        'HALIMATUS PUTRI DEWI',
        '3511076601090001',
        'BONDOWOSO',
        '2009-01-26',
        'Perempuan',
        'Islam',
        'PONDOK PESANTREN ASSALAM \r\nJl. KH Ahmad Zaini Dahlan, Bindung, Sumberanyar, Kec. Banyuputih, Kabupaten Situbondo, Jawa Timur',
        '085258549996',
        'nurulalaina86@guru.smk.belajar.id',
        '2025-08-20 15:12:10',
        '2025-08-20 15:12:10'
    ),
    (
        17,
        1,
        3,
        23,
        'Naila Aurellia',
        '3515186412080002',
        'Sidoarjo',
        '2008-12-24',
        'Perempuan',
        'Islam',
        'ds.beru,kec.sarirejo,kab.lamongan',
        '087847526234',
        'nailaay123@gmail.com',
        '2025-08-20 20:24:24',
        '2025-08-20 20:24:24'
    ),
    (
        18,
        1,
        2,
        24,
        'Masyifa Azzahra',
        '3506224107030016',
        'Kediri',
        '2008-06-12',
        'Perempuan',
        'Islam',
        'Jalan Raya Desa Parang, Dusun Jati, Desa Parang RT.02 RW.01, Banyakan - Kabupaten Kediri',
        '082228280566',
        'masyifaazzahra23@gmail.com',
        '2025-08-21 01:58:09',
        '2025-08-21 01:58:09'
    ),
    (
        19,
        1,
        2,
        25,
        'SILVIA RAMADANI',
        '3509296109080001',
        'Jember',
        '2008-09-21',
        'Perempuan',
        'Islam',
        'DUSUN RAGANG BARAT RT 03 RW 04 DESA SUKOWONO KEC. SUKOWONO KAB. JEMBER',
        '081553625425',
        'silviaramadani665@gmail.com',
        '2025-08-21 02:29:10',
        '2025-08-21 02:29:10'
    ),
    (
        20,
        1,
        4,
        26,
        'ARDHIANSYAH PUTRA RISQI SATRIAGUNG',
        '3578131108080004',
        'surabaya',
        '2008-08-11',
        'Laki-laki',
        'Islam',
        'JL. BATU SAFIR HIJAU IB NO. 23 DRIYOREJO GRESIK',
        '081259196119',
        'ardhiansyahsatriagung@gmail.com',
        '2025-08-21 02:48:09',
        '2025-08-21 02:48:09'
    ),
    (
        21,
        1,
        2,
        27,
        'XTWOLITA ELFREDA ARDININGRUM',
        '3524116008090001',
        'LAMONGAN',
        '2009-08-20',
        'Perempuan',
        'Islam',
        'DSN. PERESAN DS. GARUNG RT 02 RW 05 KEC.SAMBENG KAB.LAMONGAN 62284',
        '085812481417',
        'xtwolitae@gmail.com',
        '2025-08-21 02:49:15',
        '2025-08-21 02:49:15'
    ),
    (
        22,
        1,
        4,
        28,
        'Ahmad Khoiruddin',
        '3513222801080001',
        'Probolinggo',
        '2008-01-28',
        'Laki-laki',
        'Islam',
        'Dusun Gedangan RT 06 Rw 02 Desa Sumberkare Kec. Wonomerto Kab. Probolinggo',
        '088289692356',
        'ahmadkhoiruddin2025@gmail.com',
        '2025-08-21 03:14:17',
        '2025-08-21 03:14:17'
    ),
    (
        23,
        1,
        3,
        29,
        'Zahra Farrisa Gitya Putri',
        '3516166408080002',
        'Mojokerto',
        '2008-08-24',
        'Perempuan',
        'Islam',
        'RT.03, RW.02, Dusun Sukodono, Desa Canggu, Kecamatan Jetis, Kabupaten Mojokerto',
        '081515273353',
        'zahrafarrisaputri@gmail.com',
        '2025-08-21 03:33:49',
        '2025-08-21 03:33:49'
    ),
    (
        24,
        1,
        2,
        30,
        'SABRINA WAFA AQILLAH',
        '3524077107090002',
        'LAMONGAN',
        '2009-07-31',
        'Perempuan',
        'Islam',
        'Labuhan RT 024/ RW 005, Labuhan Kec. Brondong Kab. Lamongan',
        '0895320245861',
        's6951820@gmail.com',
        '2025-08-21 03:40:57',
        '2025-08-21 03:40:57'
    ),
    (
        25,
        1,
        2,
        31,
        'Anggrea Revalda Pratiwi Putri',
        '3507056311080001',
        'Malang',
        '2008-11-23',
        'Perempuan',
        'Islam',
        'Dusun Sumbersari RT 23 RW 5 Sumbersari Desa Jambangan Kecamatan Dampit Kabupaten Malang',
        '085236641625',
        'revaldaanggrea@gmail.com',
        '2025-08-21 03:54:31',
        '2025-08-21 03:54:31'
    ),
    (
        26,
        1,
        4,
        32,
        'MUHAMAD RIKI FEBRIANTO',
        '1111111111111111',
        'Bojonegoro',
        '2009-02-20',
        'Laki-laki',
        'Islam',
        'Ds. Leran Kc. kalitidu Kb. Bojonegoro',
        '085815350339',
        'muhamadriki9206@smk.blajar.id',
        '2025-08-21 05:02:39',
        '2025-08-21 05:02:39'
    ),
    (
        27,
        1,
        1,
        33,
        'Binti Lailatul Ilmi',
        '3506036606080001',
        'Kediri',
        '2008-06-26',
        'Perempuan',
        'Islam',
        'Ds. Jambean Dsn. Ngrombeh RT03/RW03 Kec. Kras Kab. Kediri',
        '082331331605',
        'bintilailatulilmi@gmail.com',
        '2025-08-21 07:07:23',
        '2025-08-21 07:07:23'
    ),
    (
        28,
        1,
        1,
        34,
        'ZYIKA AYUDIA MUTIA SARI',
        '3515097107080002',
        'Sidoarjo',
        '2008-07-31',
        'Perempuan',
        'Islam',
        'Dsn. urung-urung Ds.Kebonagung Kec.Puri Kab. Mojokerto',
        '083833180370',
        'huddyiswanto@gmail.com',
        '2025-08-21 09:06:51',
        '2025-08-21 09:06:51'
    ),
    (
        29,
        1,
        1,
        35,
        'YOHANA DIAN MAHARANI',
        '3518014803100002',
        'Nganjuk',
        '2010-03-08',
        'Perempuan',
        'Islam',
        'kecamatan sawahan desa duren dusun sugihan RT02 RW03',
        '087861047291',
        'hanayana302@gmail.com',
        '2025-08-21 12:12:02',
        '2025-08-21 12:12:02'
    ),
    (
        30,
        1,
        1,
        36,
        'Diaz Ayunda Kirana',
        '3576026106080001',
        'Mojokerto',
        '2008-06-21',
        'Perempuan',
        'Islam',
        'Miji gg 5 no 15, Kec. kranggan, Kel. miji, MOJOKERTO',
        '089513685473',
        'diazayundakirana@gmail.com',
        '2025-08-21 12:17:34',
        '2025-08-21 12:17:34'
    ),
    (
        31,
        1,
        3,
        37,
        'Margareta Pasharina Swastika',
        '3505036803080003',
        'Blitar',
        '2008-03-28',
        'Perempuan',
        'Katolik',
        'Jl Kawi No.19, RT 01 RW 02, Lingk. Kauman, Kel. Kauman, Kec. Srengat, Kab. Blitar',
        '082233312984',
        'swastikamargareta3@gmail.com',
        '2025-08-21 13:56:56',
        '2025-08-21 13:56:56'
    ),
    (
        32,
        1,
        3,
        38,
        'Nayla Qolbina Muttaqiyah',
        '3512087007080002',
        'Situbondo',
        '2008-07-30',
        'Perempuan',
        'Islam',
        'Jl. Basuki Rahmat RT 03 RW 12, Mimbaan, Kecamatan Panji, Situbondo 68322',
        '081392782093',
        'naylataqiyyah30@gmail.com',
        '2025-08-21 14:23:25',
        '2025-08-21 14:23:25'
    ),
    (
        33,
        1,
        2,
        39,
        'Arum Mawarni Dwi Puspita',
        '3573046107080001',
        'Malang',
        '2008-07-21',
        'Perempuan',
        'Islam',
        'Jl.s.supriadi VI RT.7 RW.6 No.2339 Sukun Malang',
        '081330911552',
        'arummawarni6pbm@gmail.com',
        '2025-08-22 02:54:10',
        '2025-08-22 02:54:10'
    ),
    (
        34,
        1,
        1,
        40,
        'DIAH WAHYU SOFANA',
        '3502056706080002',
        'PONOROGO',
        '2008-06-27',
        'Perempuan',
        'Islam',
        'RT.02/RW.02 Dukuh Gondang,Desa Tugurejo, Kec Sawoo, Kab Ponorogo',
        '085135330451',
        'diahsofana752@gmail.com',
        '2025-08-22 03:04:40',
        '2025-08-22 03:04:40'
    ),
    (
        35,
        1,
        2,
        41,
        'Salsabila Nur rochim',
        '3507086304090002',
        'Malang',
        '2009-04-23',
        'Perempuan',
        'Islam',
        'JL.semeru rt.01/rw.12 wajak kab.malang',
        '085231570358',
        'salsabila33pbmnew@gamail.com',
        '2025-08-22 03:13:06',
        '2025-08-22 03:13:06'
    ),
    (
        36,
        1,
        1,
        43,
        'Marisa Ulfi Nur\'aini',
        '3502146007090002',
        'Ponorogo',
        '2009-07-20',
        'Perempuan',
        'Islam',
        'Gelang Kulon, Sampung Ponorogo',
        '082231651789',
        'marisaulfinuraini@gmail.com',
        '2025-08-22 03:50:52',
        '2025-08-22 03:50:52'
    ),
    (
        37,
        1,
        3,
        44,
        'AISYAH NADYA FITRI',
        '3579014110080001',
        'BATU',
        '2008-10-01',
        'Perempuan',
        'Islam',
        'Jl. Bulu Tangkis no.28 RT/RW : 004/003 Kel. Sisir Kec. Batu - Kota Batu Jawa Timur 65314',
        '08976231930',
        'duoaisyah124@gmail.com',
        '2025-08-22 04:13:21',
        '2025-08-22 11:30:51'
    ),
    (
        38,
        1,
        3,
        45,
        'NAYZILA NISRINA SALSABILA',
        '3507235210080001',
        'MALANG',
        '2008-10-12',
        'Perempuan',
        'Islam',
        'JARAAN,RT/RW:022/006,Kel.Donowarih,Kec.Karangploso,Kota Malang Jawa Timur 65152',
        '0895639083040',
        'naysilaa1210@gmail.com',
        '2025-08-22 04:18:43',
        '2025-08-22 04:18:43'
    ),
    (
        39,
        1,
        1,
        46,
        'CALLULA SALWA ZAKIAH',
        '3579026012080001',
        'BATU',
        '2008-12-20',
        'Perempuan',
        'Islam',
        'Jl nurhadi no 15 RT/RW:02/01 kel. Bulukerto kec. Bumiaji - kota batu jawa timur 65334',
        '081249792711',
        'calulasalwa20@gmail.com',
        '2025-08-22 05:14:42',
        '2025-08-22 05:14:42'
    ),
    (
        40,
        1,
        1,
        47,
        'NAJWA AZZAHRA RAMADHANI',
        '3579015209080001',
        'BATU',
        '2008-09-12',
        'Perempuan',
        'Islam',
        'Jl.Darsono No.64 RT.03 RW.10 Kel.Ngaglik Kec.Batu-Kota Batu Jawa Timur 65311',
        '082135402667',
        'najwazzahra126@gmail.com',
        '2025-08-22 05:19:47',
        '2025-08-22 05:19:47'
    ),
    (
        41,
        1,
        4,
        49,
        'MUHAMMAD ALVIN ABIANSYAH',
        '3506230105080002',
        'KEDIRI',
        '2008-05-01',
        'Laki-laki',
        'Islam',
        'DSN. TAMANAN RT.003 RW.002 DS. NAMBAKAN KEC. RINGINREJO KAB. KEDIRI',
        '085854734036',
        'muhammad.alvin6412@smk.belajar.id',
        '2025-08-22 06:11:46',
        '2025-08-22 06:11:46'
    ),
    (
        42,
        1,
        1,
        50,
        'Rahmadina Nuraini',
        '3507186810080004',
        'Malang',
        '2008-10-28',
        'Perempuan',
        'Islam',
        'Perum Graha Puntadewa blok D3 no 9',
        '082257485831',
        'rahmadinanuraini7@gmail.com',
        '2025-08-22 06:50:04',
        '2025-08-22 06:50:04'
    ),
    (
        43,
        1,
        1,
        51,
        'HILMAN PUTRA AL RIZKI',
        '3505061808080003',
        'Blitar',
        '2008-08-18',
        'Laki-laki',
        'Islam',
        'Desa Sidorejo Dusun pancir rt.01 rw.08 kecamatan ponggok kabupaten Blitar',
        '085855376197',
        'hlmnsii856@gmail.com',
        '2025-08-22 07:00:55',
        '2025-08-22 07:00:55'
    ),
    (
        44,
        1,
        4,
        52,
        'Muhammad Bisri Abdillah',
        '3511232407070001',
        'Bondowoso',
        '2007-02-07',
        'Laki-laki',
        'Islam',
        'Dusun Lumutan rt. 017 rw. 005 Desa Lumutan Kecamatan Prajekan Kabupaten Bondowoso',
        '085850823315',
        'muhammadbisriabdillah6@gmail.com',
        '2025-08-22 07:03:44',
        '2025-08-22 07:03:44'
    ),
    (
        45,
        1,
        2,
        53,
        'rizki fajar aditya putra',
        '3507230903090004',
        'malang',
        '2009-03-09',
        'Laki-laki',
        'Islam',
        'RT 22 RW 06,leban, tawangarggo, Karangploso, kabupaten malang, Jawa Timur Indonesia',
        '088231724197',
        'rizkifajaraditiyaputra@gmail.com',
        '2025-08-22 07:40:52',
        '2025-08-22 07:40:52'
    ),
    (
        46,
        1,
        2,
        54,
        'Alexca Evelina Avrilla Putri',
        '3579016304090002',
        'Kota Batu',
        '2009-04-23',
        'Perempuan',
        'Islam',
        'Jawa Timur Kota Batu. sumberejo dusun santrean jl indra giri rt1 rw 1',
        '089516275566',
        'acaalexca@gmail.com',
        '2025-08-22 07:53:55',
        '2025-08-22 07:53:55'
    ),
    (
        47,
        1,
        1,
        55,
        'Brillian Dwi Rahmadani',
        '3502016404080002',
        'Ponorogo',
        '2008-04-24',
        'Perempuan',
        'Islam',
        'jln. Raya Ponorogo Pacitan RT/RW 04/01 Dusun Tengger, Desa Slahung, Kec Slahung, Kab Ponorogo',
        '085231359622',
        'rahamadani52@gmail.com',
        '2025-08-22 07:58:16',
        '2025-08-22 07:58:16'
    ),
    (
        48,
        1,
        1,
        56,
        'Puri Bondan Ningtyas',
        '3573015003090003',
        'Malang',
        '2009-03-10',
        'Perempuan',
        'Kristen',
        'jl.lesti 1c / 13',
        '089528420787',
        'onyourmarkiam@gmail.com',
        '2025-08-22 09:32:46',
        '2025-08-22 09:32:46'
    ),
    (
        49,
        1,
        4,
        57,
        'SAIFUL BAHRI',
        '3527120711080001',
        'Sampang',
        '2008-11-07',
        'Laki-laki',
        'Islam',
        'Dsn. Masaran, Desa Banyusokah, Kecamatan Ketapang, Kab. Sampang, Jawa Timur',
        '087770359929',
        'bahri123baik@gmail.com',
        '2025-08-22 11:13:03',
        '2025-08-22 11:13:03'
    ),
    (
        50,
        1,
        4,
        58,
        'MUCHAMMAD ASKAEV ANSORI',
        '3514120804090004',
        'Pasuruan',
        '2009-04-08',
        'Laki-laki',
        'Islam',
        'ARJOSARI RT 03 RW 18 KEL KEJAPANAN KEC GEMPOL KAB PASURUAN',
        '085736667180',
        'www4ab@gmail.com',
        '2025-08-22 11:45:00',
        '2025-08-22 11:45:00'
    ),
    (
        51,
        1,
        3,
        59,
        'Baitha Hayyunisa',
        '3573046108070001',
        'Malang',
        '2007-08-21',
        'Perempuan',
        'Islam',
        'Jl. Taman Agung No. 14',
        '087753357870',
        'baitha.hayyunisa@gmail.com',
        '2025-08-22 12:16:46',
        '2025-08-22 12:16:46'
    ),
    (
        52,
        1,
        3,
        60,
        'Andi Dixie Aurellia Neysa',
        '3573047107070007',
        'Malang',
        '2007-07-31',
        'Perempuan',
        'Islam',
        'JL. Gamalama 56, Pisang Candi, Sukun, Malang',
        '0881026128055',
        'dixieaurellianey@gmail.com',
        '2025-08-22 12:22:18',
        '2025-08-22 12:22:18'
    ),
    (
        53,
        1,
        3,
        61,
        'Rahma pujianti',
        '3524236904090001',
        'Lamongan',
        '2009-04-29',
        'Perempuan',
        'Islam',
        'Perumahan Tikung Kota Baru blok m12A \r\nKecamatan Tikung Kabupaten Lamongan',
        '085746029424',
        'rahmapuji288@gmail.com',
        '2025-08-22 13:14:10',
        '2025-08-22 13:14:10'
    ),
    (
        54,
        1,
        3,
        62,
        'DAYINTA   SURYANING SEKAR DHATU',
        '3519096401090001',
        'MADIUN',
        '2009-01-24',
        'Perempuan',
        'Islam',
        'Jl.Muria no.03 Magetan,Kec.Magetan,Kab.Magetan',
        '08985952237',
        'dayintadhtu@gmail.com',
        '2025-08-22 13:34:42',
        '2025-08-22 13:34:42'
    ),
    (
        55,
        1,
        3,
        63,
        'CRISSANDA REBECCA ANGELA CHILL',
        '3502114611090003',
        'PONOROGO',
        '2009-11-06',
        'Perempuan',
        'Islam',
        'Desa Karangan, Kec Balong Kab Ponorogo',
        '081553552667',
        'rbcsaa@gmail.com',
        '2025-08-22 13:39:15',
        '2025-08-22 13:39:15'
    ),
    (
        56,
        1,
        2,
        64,
        'ANNA ALTHAFUNNISA',
        '3526014207080002',
        'Bangkalan',
        '2008-07-02',
        'Perempuan',
        'Islam',
        'PERUM LAGUNA INDAH BLOK L-23 , BANGKALAN',
        '088989073588',
        'annaalthafunnisa467@gmail.com',
        '2025-08-22 13:41:46',
        '2025-08-22 13:41:46'
    ),
    (
        57,
        1,
        4,
        65,
        'ESA NUR WAHYUDI',
        '3505203006080001',
        'Blitar',
        '2008-06-30',
        'Laki-laki',
        'Islam',
        'JL. DIPONEGORO DSN SONGSONG, ARDIMULYO, SINGOSARI, KAB.MALANG, JAWA TIMUR',
        '085708259219',
        'esanurwahyudisoto@gmail.com',
        '2025-08-22 13:42:27',
        '2025-08-22 13:42:27'
    ),
    (
        58,
        1,
        4,
        66,
        'ZEFRIZAL RAHMADANI',
        '3503052505090002',
        'TRENGGALEK',
        '2009-05-25',
        'Laki-laki',
        'Islam',
        'Ds. Prambon RT 20 RW 04, Kalongan, Kec. Tugu, Kab. Trenggalek',
        '083848718032',
        'makmupikun@gmail.com',
        '2025-08-23 09:23:46',
        '2025-08-23 09:23:46'
    ),
    (
        59,
        1,
        1,
        67,
        'MERCY ALVINA PUTRI SILOLO',
        '3507186301080002',
        'MALANG',
        '2008-01-23',
        'Perempuan',
        'Islam',
        'JL. KAPI SRABA 2, 10E NO. 27',
        '087777629778',
        'mercyalvinaa@gmail.com',
        '2025-08-23 14:19:14',
        '2025-08-23 14:19:14'
    );

INSERT INTO
    `lampirans` (
        `id`,
        `peserta_id`,
        `no_surat_tugas`,
        `fc_ktp`,
        `fc_ijazah`,
        `fc_surat_tugas`,
        `fc_surat_sehat`,
        `pas_foto`,
        `created_at`,
        `updated_at`
    )
VALUES
    (
        1,
        1,
        NULL,
        'berkas_pendaftaran/DLiOhW7qkRRVbZwHfETKUC8bKKnlmBF633kBuOgW.jpg',
        'berkas_pendaftaran/Uqav8U7DdXePLsRivxC2IgTNb0nj5KmOh9lVUbSg.jpg',
        NULL,
        'berkas_pendaftaran/LBXViL1dZLM0TsWPJuqWW8ZJLTvrNGk4IPwxAoPM.jpg',
        'berkas_pendaftaran/ip61RuFJWUBjEKh7uaL8dm4eutKk1NcJrylpYEYn.jpg',
        '2025-08-20 09:28:17',
        '2025-08-20 09:28:17'
    ),
    (
        2,
        2,
        NULL,
        'berkas_pendaftaran/R24rYR0U23bEm6bGsHpa35B7ZbKg8HqT8LJd3oZa.jpg',
        'berkas_pendaftaran/4az0mbQTUVIKdi9BhXR1LBuzQsoz36USW7Xlyktq.jpg',
        'berkas_pendaftaran/88ToPmJkkpgTDlKMXDMSJdah1xKKP52ig3Gqr0wd.jpg',
        'berkas_pendaftaran/m0YRJC5rgeAeCLnvvgWh1sFu9a80AqNWdHYfixFJ.jpg',
        'berkas_pendaftaran/oN7XlcbWUsW9t7QffHcQRXB2I4PsSqwKmNqlLOs2.jpg',
        '2025-08-20 10:06:36',
        '2025-08-20 10:06:36'
    ),
    (
        3,
        3,
        NULL,
        'berkas_pendaftaran/DsiVteYESVXEpTSifNDDB4hhum5UAvxqe9A4ctWm.jpg',
        'berkas_pendaftaran/wQ2I4soU1zhT4Hq9lipydpWacwwGLwQMYOf2fwXp.jpg',
        'berkas_pendaftaran/gSgFkVkXx33Bms4aTsgASBxrEVpjMWbTcDjbaywA.jpg',
        'berkas_pendaftaran/uRCGhWQfZ8XxDSnUZi84nGj4tM6BcCjJkuUdC3cA.jpg',
        'berkas_pendaftaran/udpmuXJdXckaDa2AbBFauTAi81PpwGjCp4eIsmDa.jpg',
        '2025-08-20 11:23:32',
        '2025-08-20 11:23:32'
    ),
    (
        4,
        4,
        NULL,
        'berkas_pendaftaran/T8GCqulx7QvQdf81jSgyP9uUrTKnKyJidClwVGK0.pdf',
        'berkas_pendaftaran/n3dIY3YqKBi7r4zzflVk4h1za4BpnB7dD00gUKNT.pdf',
        'berkas_pendaftaran/9tZScnvE7wTvAJyvIwEYIzjB6nr5QWnyaWRnTXqd.pdf',
        'berkas_pendaftaran/ZyherX39sQ8LlT1EwVZmajKDAVN7Xw0lIOooAy4I.pdf',
        'berkas_pendaftaran/EjeTsSdbjZ3ANyZfROGEogIF8wlgxjrysDI1Bpn1.png',
        '2025-08-20 11:58:14',
        '2025-08-20 11:58:14'
    ),
    (
        5,
        5,
        NULL,
        'berkas_pendaftaran/adP4asYSqmv7Ivr1bySc0nqTaqHwGeobaS6F7sv6.jpg',
        'berkas_pendaftaran/16TQRoEfW7oM1WwzfA7xH26KhAzyhjS9hBmvi5dp.jpg',
        NULL,
        'berkas_pendaftaran/anrum4dMPiF2pMryevWFctAxtGXXX4OVzphd33QS.jpg',
        'berkas_pendaftaran/WWw5TMn0Rp5yIHOHyuhame24Rlxb4hjKcWR2FBLL.jpg',
        '2025-08-20 12:13:59',
        '2025-08-20 12:13:59'
    ),
    (
        6,
        6,
        NULL,
        'berkas_pendaftaran/Kl2cQJvIJ6gdiLUUDVlOj5WXebjyk8jAOFakEgJQ.jpg',
        'berkas_pendaftaran/na3GAZTlFIrirVgiOBOfDRsTw70LgLBGv4UsyNN9.jpg',
        'berkas_pendaftaran/cufRXNkABnsGvyHdVTsgNUouyyTu52qGNHYw9gy6.jpg',
        'berkas_pendaftaran/XwdFsyx362yCm7NiRsN4pPgxqVCbIALrYIfpr5Md.jpg',
        'berkas_pendaftaran/4EgTdRjBYlJ4QbgDBps3GszRc1QunOqE1ressdck.png',
        '2025-08-20 12:19:16',
        '2025-08-20 12:19:16'
    ),
    (
        7,
        7,
        NULL,
        'berkas_pendaftaran/MGRIqH7WzKpx2SYKMvkAHoxnfU6LM78OOjZWjdGi.pdf',
        'berkas_pendaftaran/DjTkniIL7xT3WH8nqPIOsdzIh9lDdwtDapFVQgxn.pdf',
        NULL,
        'berkas_pendaftaran/JvWY6IialaMf0XhmfecLuE7OPZBVwPMcxasa4aW7.pdf',
        'berkas_pendaftaran/ScG2qwvBUtU8CNr1TGy5ECZ9Ovdxpaau71m1GxhI.jpg',
        '2025-08-20 12:25:07',
        '2025-08-20 12:25:07'
    ),
    (
        8,
        8,
        NULL,
        'berkas_pendaftaran/fsDLI9PoyXL7K7jXxZF4bsKEax23OOMzwd7hJQZl.jpg',
        'berkas_pendaftaran/PomULPvqMbe4fxKhSoVy1RZWlAVIeiaGjzP60EbN.jpg',
        'berkas_pendaftaran/CqIoh1H9sY2dGWbbJ9cXWp1yuYYFDn3PVZ8CmMSJ.jpg',
        'berkas_pendaftaran/tPaqlWqCGaFAW4fuH7TxZ9pMvlAOhM9DeCb2OoCp.jpg',
        'berkas_pendaftaran/O6ifUtluntKbhhpJE1tapFS7mK6DEZefIi7LtWhe.jpg',
        '2025-08-20 12:30:28',
        '2025-08-20 12:30:28'
    ),
    (
        9,
        9,
        NULL,
        'berkas_pendaftaran/c27idVlo7nAVWj1mONmUGyWOwn214Vq8E1y3U4ch.jpg',
        'berkas_pendaftaran/UczvMzcIGyCQqL5FhGad9PN2AfvudgmB5YCLtgfg.jpg',
        'berkas_pendaftaran/pAe8qPITHZOFeZ56bp4dEy1USErhlX3Y9jKWeglu.pdf',
        'berkas_pendaftaran/dfdkwAAMbttmb47otgiHwaHGAq3DfnuHozECfpAD.jpg',
        'berkas_pendaftaran/MtRwy4rpkUhE3N5QJpAO2X0kfx4FfBpA5gpxLgcu.jpg',
        '2025-08-20 13:04:04',
        '2025-08-20 13:04:04'
    ),
    (
        10,
        10,
        NULL,
        'berkas_pendaftaran/rm72BVLUn9xP33LCSfochbPE7F943YFBkK1k7IRb.jpg',
        'berkas_pendaftaran/bQkxTwSxa6owOSxyKgBcjPFqQtDdtXV6MwjNmiZK.jpg',
        NULL,
        'berkas_pendaftaran/JaoSHMGXdcOrjy68Aqeir1TSMLcWsXAu0zp02mJx.jpg',
        'berkas_pendaftaran/RoZwbYHlx8xdEMfvacb4LUPRWcPlrtaCzp1V2dfU.jpg',
        '2025-08-20 13:10:17',
        '2025-08-20 13:10:17'
    ),
    (
        11,
        11,
        NULL,
        'berkas_pendaftaran/23QTE0vL5jCrIBER2FULhUjuQ2tE8f634MuwMOLe.jpg',
        'berkas_pendaftaran/Uyr0zF8NsZAPuBciqJ9JzYViLTUdFRl54Qfib4PT.jpg',
        'berkas_pendaftaran/jhoGglShxEaY7ggcLHiiqyIKJazUs8KwHXMVdBul.pdf',
        'berkas_pendaftaran/bNRGbXlWgDMkHkUh8VCvqAQ4lMonuaPIC7LK5ze6.jpg',
        'berkas_pendaftaran/f121swm2K5NeTIc2SCIupamLAPMSIWTqLzqvghoP.jpg',
        '2025-08-20 13:57:25',
        '2025-08-20 13:57:25'
    ),
    (
        12,
        12,
        NULL,
        'berkas_pendaftaran/bFVqgaJRhCujegE6D7CkD4Ecl9utVzMvVUhSkcm0.jpg',
        'berkas_pendaftaran/iUP9eBVyCToLbrS4wy9DnEIPag9nVYyhSaGMxBLT.jpg',
        'berkas_pendaftaran/a8HU8FCixEqNhd9PS1yGc0PiRtUZeHlygXXMJBht.jpg',
        'berkas_pendaftaran/yXaSeV1ekbt4n4IcaIZgHIPHmFfxsGuJYArCVo1V.jpg',
        'berkas_pendaftaran/XtISkvPuUdBKAuJcSmWgJqpGVFgYGZkAGc9Dm9U3.jpg',
        '2025-08-20 14:09:41',
        '2025-08-20 14:09:41'
    ),
    (
        13,
        13,
        NULL,
        'berkas_pendaftaran/mFJoSrq2CRjD73xbxwZVlWGbYflO0MFP68UdYBvq.jpg',
        'berkas_pendaftaran/MYJZTav40iLzaCm4kEdGDdIwqUOeJCOkUKIPYzQ4.jpg',
        NULL,
        'berkas_pendaftaran/6aj6fvcNIYfnVYzh1269a1gxw9cTyGacIeskA0MN.jpg',
        'berkas_pendaftaran/SZKeu1RaRplThmJA0cQoI41EPHxqeDigG21GGutu.png',
        '2025-08-20 14:12:20',
        '2025-08-20 14:12:20'
    ),
    (
        14,
        14,
        NULL,
        'berkas_pendaftaran/e7jlNlxjtMFSovE2KrAM1TkK8wP7VSq1kRR0Kidl.pdf',
        'berkas_pendaftaran/eiqLcFicIyppENcqkSIAkV7yieYEpCqYVFq33v4O.pdf',
        'berkas_pendaftaran/TgpyYQnr01WLb13UJshx7VqgfUwrAOUs4MPyPlhH.pdf',
        'berkas_pendaftaran/g5vG7QL5sQr4ADkJxhVf04MdxgPcRh8S0dS2itAU.pdf',
        'berkas_pendaftaran/TAxbktb3wtif9W2Er92IMZ959i3WnunjOlEqbjhs.jpg',
        '2025-08-20 14:28:23',
        '2025-08-20 14:28:23'
    ),
    (
        15,
        15,
        NULL,
        'berkas_pendaftaran/6vKnxmmV8ESrcgT9fa2KTcScSV7KP5ASobdK7npm.jpg',
        'berkas_pendaftaran/2GjMxGAeVZStrJlvASwtZBHW2YocdrO8VHAkuRUa.jpg',
        'berkas_pendaftaran/AFA03lBgCxF3kAGsoQYT9NO47ROcdVxPN4sbCB81.jpg',
        'berkas_pendaftaran/9GR1Il2J6bmifPqq4X0JrvuiMfFHDcLrwFE4yvCn.jpg',
        'berkas_pendaftaran/YJ6zW5wmsPcb0keY26Ww3WbYNM84G4G1tNZbvKRJ.jpg',
        '2025-08-20 14:44:46',
        '2025-08-20 14:44:46'
    ),
    (
        16,
        16,
        NULL,
        'berkas_pendaftaran/FYCqVU1dlEqtDD94MFplSBt0YeS0N4Fezt5YQCUV.pdf',
        'berkas_pendaftaran/0ZFyZEGMsFWUTj00Me3vrRoGK2jGRzgGQ7QteCS0.pdf',
        'berkas_pendaftaran/7y2vsR4aFxL6tbHTg0w3ZAM6RTRsGsPhls7Tq9Lq.pdf',
        'berkas_pendaftaran/B5sirsn6yGUXdH4BbhcI2HiMhWAouAAlOKo6HnZR.pdf',
        'berkas_pendaftaran/zBfl3DZYSmkt9FiD1ArkYwQU6XBKf8KJJZxWs1IU.jpg',
        '2025-08-20 15:12:10',
        '2025-08-20 15:12:10'
    ),
    (
        17,
        17,
        NULL,
        'berkas_pendaftaran/vRUwqxcVoNxBRgBaFxk694LJRO2KB7hO00C9pXGh.jpg',
        'berkas_pendaftaran/tmBA36pYANHY83h7BjOIKS4yFuUSGPe3HltGTnbZ.jpg',
        'berkas_pendaftaran/vOK951Bm4nCAThpdkhUz2U7nsjR9FBHzjnEyDTdZ.jpg',
        'berkas_pendaftaran/eSRA2MwmTpywzb77pPiddXkD5P7fNAlWo9vKAVTV.jpg',
        'berkas_pendaftaran/R7fPdE8uKIM0BimPsjbxDheCgSPIeyhCnafWhy5X.jpg',
        '2025-08-20 20:24:24',
        '2025-08-20 20:24:24'
    ),
    (
        18,
        18,
        NULL,
        'berkas_pendaftaran/OZzFMWS2RdmWgjaUp5v2zQdldkzVaQgtdZqeWzCh.pdf',
        'berkas_pendaftaran/Oo59g0e2AIetE6TMIIA7LYlO6EUiE9qdFBHTPk3p.pdf',
        'berkas_pendaftaran/CFCsw0t7qbMNawuyApFUzN71Xazo0wiGP6ZhZkRt.pdf',
        'berkas_pendaftaran/Z8PK9tRwvd30emuoV5PqxsK4Z2S3xNtn6jyrXQgo.pdf',
        'berkas_pendaftaran/4OLZmayJMMENy6pzOEQw9Wuhoj4TlT7y8WfoKXgd.jpg',
        '2025-08-21 01:58:09',
        '2025-08-21 01:58:09'
    ),
    (
        19,
        19,
        NULL,
        'berkas_pendaftaran/SqDWFrqK2TNcPU5PnUPrqN9SGzfjADXNrawxpdMW.jpg',
        'berkas_pendaftaran/DqnleYtNQ7CKwFjOBUKQPfY8EQ5y8kCsjGxf51Ti.jpg',
        'berkas_pendaftaran/5K4cmDwy7bs6KnkTEX0ku6YZGoI0NdAfq07HMxot.jpg',
        'berkas_pendaftaran/BgNYF4uyx8RkkqdkTLkgkP69enLL8AvtCRVzoFN8.jpg',
        'berkas_pendaftaran/UYE4GL2u1Snxf5UzQaTNutdn8GQruZUgtaDyDUzk.jpg',
        '2025-08-21 02:29:10',
        '2025-08-21 02:29:10'
    ),
    (
        20,
        20,
        NULL,
        'berkas_pendaftaran/8ZaoUWuyEfQ9y9n6A3gwB9n3GwKPw1sWHV6wkGef.jpg',
        'berkas_pendaftaran/Pz8Yg74OCxPaa7oPC4l8jpyOutFFMVTPAbAFuYMd.jpg',
        'berkas_pendaftaran/Zrerl3PXTJgNzKQ0nmWGZ6fUPhGp5B3HVpEXfV7S.pdf',
        'berkas_pendaftaran/6s26PEiFDDOgdqAHEr4Tg5gca1twbn9QMyg0NcgJ.jpg',
        'berkas_pendaftaran/hXgEbtLd4bsBEyGQ5J3LktKxIiS14dFN3yzFadPy.jpg',
        '2025-08-21 02:48:09',
        '2025-08-21 02:48:09'
    ),
    (
        21,
        21,
        NULL,
        'berkas_pendaftaran/B7K0t98kwrnlGAXrulOce2edta4V15o7KBykTziA.jpg',
        'berkas_pendaftaran/NLqUZshHXupbdRGfCM5LAZRh4izBJBIYqi16ckeK.jpg',
        'berkas_pendaftaran/fawzEa7zDHdBbX0nsJKqwc5D2wBbMH1hzHAoVmKl.pdf',
        'berkas_pendaftaran/6vLqoJsCov1qRtGhdtQlO25w9WlvH8M9vjlKxuqh.pdf',
        'berkas_pendaftaran/MpOXYJwDqrOo767hBk9Hq7Wz3PNxyBtqo4TxcXIa.jpg',
        '2025-08-21 02:49:15',
        '2025-08-21 02:49:15'
    ),
    (
        22,
        22,
        NULL,
        'berkas_pendaftaran/25pe3Z4K4HQlYE6WQl01uHwPwvpbs777IlyamCIa.jpg',
        'berkas_pendaftaran/hFmQttUi6AcuolEpmB9xtUHuTR1lCrghCOGZOM2Z.jpg',
        NULL,
        'berkas_pendaftaran/HnRaCAZa2M72i5MzaYKBcTLlY4lkK8U4CDYDcky6.jpg',
        'berkas_pendaftaran/m9ecBKXa0iosdZngtVI3qyhrYG5IYgz5i0oCvKVF.jpg',
        '2025-08-21 03:14:17',
        '2025-08-21 03:14:17'
    ),
    (
        23,
        23,
        NULL,
        'berkas_pendaftaran/mFFg8brVl6No9kgnCGp3fwwQ4e1J7chFBVetq62W.pdf',
        'berkas_pendaftaran/40gSP4Wl3W1vZCeXnfIXEEftFxFMz5acx0KC5fWx.pdf',
        'berkas_pendaftaran/oNai5aHipvPumXtxIcNXArni5pdoARFnlUe6ffcZ.pdf',
        'berkas_pendaftaran/UNKXizCFtQVRt3kRqzfV4iVkfYIvOT4N0mvGqhto.pdf',
        'berkas_pendaftaran/qRCWyeo9uAIkcz5ieYUcBbS9SAXyXJa2EqNIp9RF.jpg',
        '2025-08-21 03:33:49',
        '2025-08-21 03:33:49'
    ),
    (
        24,
        24,
        NULL,
        'berkas_pendaftaran/eZJs6MqqgtcEDGxrAQBIMkCCz7E5EoKm9poicTbH.pdf',
        'berkas_pendaftaran/0AhpsVZh7ZfXnLhKhtgn34mzSmHbYdPd6C6B5hSh.pdf',
        'berkas_pendaftaran/PkzpUukH9JWVQIj4FgMJIeziyDGO5CbkAoOU0yqU.pdf',
        'berkas_pendaftaran/AXFGF6uU8YKxmIOw3vSz3UQCxAG37GHNpqg6WuVq.pdf',
        'berkas_pendaftaran/YuoIAlxZYFfT1FWootWdV4YsNWKXVgHJmGlP6oeV.jpg',
        '2025-08-21 03:40:58',
        '2025-08-21 03:40:58'
    ),
    (
        25,
        25,
        NULL,
        'berkas_pendaftaran/paFTdImrJFFsuhOUHJQ6xH0IjiLP9XPsx3KHlgEw.jpg',
        'berkas_pendaftaran/C81NEbXqO6kPqFIJ6qoAvvg9oLXuTKaqRMj3OgAG.jpg',
        'berkas_pendaftaran/mLsLoptYvzq4rZCWYbZ8FWZj63Ay3yWR7pMMKXFU.jpg',
        'berkas_pendaftaran/9pHnyLIOdC4wIHFrOmKatTRvHpHDgCAWsfgRv4yZ.jpg',
        'berkas_pendaftaran/UnxUt8ZxoBQKSqTP5ULReHSL9RYeRCg0QSPRU5JQ.jpg',
        '2025-08-21 03:54:31',
        '2025-08-21 03:54:31'
    ),
    (
        26,
        26,
        NULL,
        'berkas_pendaftaran/YZFsBT2Ae6vZaEDZsZ16ygocUtfDnaDC8LfzwO2e.pdf',
        'berkas_pendaftaran/5AswnU6QSi5tERpKvIRjNCcjAkEU67oifsErCa1d.pdf',
        'berkas_pendaftaran/xl9ZEdLzXwWLiqNy5BgJrLjDqDnMNaHY3COI8vR9.pdf',
        'berkas_pendaftaran/Xm3I0vTBLfhbwQKFiy1u6RdhcB1vzsQ0Hhs6HBhK.pdf',
        'berkas_pendaftaran/8TpmubPVlYCLEV6HTyzSP9Gg07XfVhMJRZM1OWe6.jpg',
        '2025-08-21 05:02:39',
        '2025-08-21 05:02:39'
    ),
    (
        27,
        27,
        NULL,
        'berkas_pendaftaran/Q21LcuDyZebKcy3GuThUYcFr1cBeE55pQ3hLG5ID.pdf',
        'berkas_pendaftaran/oW3SwaYiEy7t97DsxWLI3bXBJ3Zl4ss45SMIwQmc.pdf',
        'berkas_pendaftaran/PoLYgYzxNJ864sfL5XQWSuYcev3PmybQcckot9Dg.pdf',
        'berkas_pendaftaran/vRRcYDzPhZv1Yu55FxZMQfutKuri8bHo1DDiS4tP.pdf',
        'berkas_pendaftaran/hpnStANnsCrcGGysm4hQxbsQ0vk8OSzDECmeULKt.jpg',
        '2025-08-21 07:07:23',
        '2025-08-21 07:07:23'
    ),
    (
        28,
        28,
        NULL,
        'berkas_pendaftaran/mQWHfP0NyNQdo2ePy50KDj0cEVY3OGyNzAVsVk9c.jpg',
        'berkas_pendaftaran/Wk9sDOBj9OwKt4zuwdsBNpyxJ18WXF58lRRERR26.jpg',
        'berkas_pendaftaran/MBpYTxTAkgcxiblEHBywXR4fKOxmLcu7b21PYGl6.pdf',
        'berkas_pendaftaran/TZ67TW4q1uSFE757XFJ6fhwd1xQQzL8EnXTSbMpM.jpg',
        'berkas_pendaftaran/ikEVVR2sSo15j1NIsvSRT2doLtsgcg0oc5wmGyBV.jpg',
        '2025-08-21 09:06:51',
        '2025-08-21 09:06:51'
    ),
    (
        29,
        29,
        NULL,
        'berkas_pendaftaran/YcgE2lUUdEJLUrZQTKVS8JKIUK1Yc6kO2YIFZJvH.jpg',
        'berkas_pendaftaran/Xv6zcNYBdR9UJoo571wiVzkLUqwLdRnRZx0XVBtR.jpg',
        'berkas_pendaftaran/WPZapdM4wrJZpv9FrGhHBH7485ngn4Wmmg5oiYcn.jpg',
        'berkas_pendaftaran/YYSarK6tGG2zYgtP7f2GEuVgTuTAJ9FZtOuAyk9V.jpg',
        'berkas_pendaftaran/sck0rkGeezHTeZoTUYs6QwWLkKtkakbZ1BCPPVOa.jpg',
        '2025-08-21 12:12:02',
        '2025-08-21 12:12:02'
    ),
    (
        30,
        30,
        NULL,
        'berkas_pendaftaran/62MOI3TA0Fv2dl7VKVGzkay0yITieGrYBpiTGYtD.pdf',
        'berkas_pendaftaran/KVD5JdXOCXwks585Eq1FDnAKEsGMg1LUEusMol8w.pdf',
        'berkas_pendaftaran/X2JiUz2ZOqKffkv8KWJJSQihQ6ByDUKa8pPECOgC.pdf',
        'berkas_pendaftaran/E6LnY7R7GidRClGg2FbtcpbBfCaWBl3HNlp1yEdK.pdf',
        'berkas_pendaftaran/icyIaDiXWtVgEOFYjyzJDKTDEHTJ6KOOB0rmuTED.jpg',
        '2025-08-21 12:17:34',
        '2025-08-21 12:17:34'
    ),
    (
        31,
        31,
        NULL,
        'berkas_pendaftaran/CVE1LpDuHucvpPw7hIzo1ZW7kDAJwem4dXb0X31d.jpg',
        'berkas_pendaftaran/qsUmMbeBxKKAAWoORVIioWa3C5ZwyMbtKKML5WnR.jpg',
        'berkas_pendaftaran/ZbvaMyZ4id4fG1VSNOqqC8c8wG496k7EL6YyVWbV.jpg',
        'berkas_pendaftaran/wVY12lq1cvkiX18b9ZdvBdmpI1Em432PkRscSfSy.jpg',
        'berkas_pendaftaran/EYfS78cmIVjkhZfsAhZBazvt8meQteSiHHZAxCUI.png',
        '2025-08-21 13:56:56',
        '2025-08-21 13:56:56'
    ),
    (
        32,
        32,
        NULL,
        'berkas_pendaftaran/hiYr0KoaReifqbsFor5R5d3IJB2T0BU7oVQBnqao.jpg',
        'berkas_pendaftaran/EGHhkcfXn4FtghmncxB3O2fVTtgk0jkdrH5023m2.jpg',
        'berkas_pendaftaran/98YJL1L6mepOyykhEvRE0uznnCuSGSuZjT4BIILD.pdf',
        'berkas_pendaftaran/4XJHGbO8Mx2IIGDNFkEonIWIQizZbzdwtpFRCy4b.pdf',
        'berkas_pendaftaran/QPfldWXrKOn1ZOO4OdIqfBQcDnQ03uEDGjZolCwi.jpg',
        '2025-08-21 14:23:25',
        '2025-08-21 14:23:25'
    ),
    (
        33,
        33,
        NULL,
        'berkas_pendaftaran/zbzN56bxcz5s2IGw5hW9q7p6K995an2insYMGuTB.jpg',
        'berkas_pendaftaran/ERG9pG2vzCDX9p3C0g9DAFMwJSO9r024oJJmdXKz.jpg',
        'berkas_pendaftaran/2ro7v3km6IZqJGPlUyFzQVWmQN4xLah6hOOmuDYz.jpg',
        'berkas_pendaftaran/dx5SIGZ7VBEOcZ8ld95Mmbv85n3z4KKNyXsYzlav.jpg',
        'berkas_pendaftaran/9TXhvjK1dudIH1XwTVo4p4ZytbhAGQ5SECcZx4RO.jpg',
        '2025-08-22 02:54:10',
        '2025-08-22 02:54:10'
    ),
    (
        34,
        34,
        NULL,
        'berkas_pendaftaran/ns2QTKHKR4U1XiY8QUej4iSIenf17eEvbAlkf8ef.jpg',
        'berkas_pendaftaran/zHuv6t19qQB6Ifa8CwAiY94674qZb3DhgzgMW0A3.jpg',
        'berkas_pendaftaran/7SBsQmIbchqscplyALNkq33fliBQbWl60Jk7Vc83.pdf',
        'berkas_pendaftaran/BwafoTjxu6PpVuCKV3doxL4vbeCCY4773rRdfGdw.jpg',
        'berkas_pendaftaran/2DcIl22gVZyMmPUa9gdmfAFiwv988Do89va5P3xF.jpg',
        '2025-08-22 03:04:40',
        '2025-08-22 03:04:40'
    ),
    (
        35,
        35,
        NULL,
        'berkas_pendaftaran/gOKmhJOkU1MTT3Jkx0dXmWr0CiWw6c7CNbDCMZLI.jpg',
        'berkas_pendaftaran/ZNAt0vgbLDTRYx7DxQGlBieD47zeeTzcqW87QKPx.jpg',
        'berkas_pendaftaran/XhFdwJ6F1IzKREa3vuLqMKLu4qTwWrjEp2sEDdrU.jpg',
        'berkas_pendaftaran/UINCXIiAM0BDrX6NZpvWmHDfJ4Jod08CVaYwR3Fp.jpg',
        'berkas_pendaftaran/pQnTw8gfhWZN9pASH1dK23MtOBKqWWA9s5kkDj2q.jpg',
        '2025-08-22 03:13:07',
        '2025-08-22 03:13:07'
    ),
    (
        36,
        36,
        NULL,
        'berkas_pendaftaran/4CMuHOT7jkJHDIM1No3cT5AxOZI2dWldjQpuBiPR.jpg',
        'berkas_pendaftaran/YEyFaruRPOvDJJMXBZMTU3g77grZHcuoSlGGlSf8.jpg',
        'berkas_pendaftaran/XMKjiiMVYduN0Dt9rqXVbxfmqUbd1LrkeCEer08u.pdf',
        'berkas_pendaftaran/p4LvK4p0QMo5wGttdKSlqzZGCARBY56LuY7cnKFJ.jpg',
        'berkas_pendaftaran/ozxGofVBelDEQW8G3uKyIVd2eXx4r4cmMbOIawTi.jpg',
        '2025-08-22 03:50:52',
        '2025-08-22 03:50:52'
    ),
    (
        37,
        37,
        '800.1.11.1/2290/101.6.10/2025',
        'berkas_pendaftaran/pJXn2otF5MP5UGpvjvAJJhcpyLdHhBNHQPkAOQ0U.pdf',
        'berkas_pendaftaran/gDEmE7VuWY776UNFRuaSP1EMshbK94jUgd59mIYX.pdf',
        'berkas_pendaftaran/TtobRVriTYdpoztlFemwexiS2SutvcNqMINgpQoM.pdf',
        'berkas_pendaftaran/6mkKfO6UcR3FxwSR4XV8n6trpevs32auVhvEikSY.pdf',
        'berkas_pendaftaran/EdfsTIzswNpQM38rYGCSFWTBZjf96SdUTyDpWXgE.jpg',
        '2025-08-22 04:13:21',
        '2025-08-22 11:30:51'
    ),
    (
        38,
        38,
        NULL,
        'berkas_pendaftaran/QGdG3kYIVeJEft93MiHkqVA5cckiHmZCIPMYhnYO.pdf',
        'berkas_pendaftaran/Okbdcx9E5MUufi9rf35DaSlfE5fQDn2PJIaIvwqj.pdf',
        'berkas_pendaftaran/MbKvHBV4L1VnsZubMn2g6yi4pz2xbZlQa5v5r9vc.pdf',
        'berkas_pendaftaran/klrMrXohaHlXvIQ5bpBcjVw6pY4KlK9DgUv1tlQB.pdf',
        'berkas_pendaftaran/wI7QX3E7oyxI7eIIPMApxlx5VIBbswNskGNeU91r.jpg',
        '2025-08-22 04:18:44',
        '2025-08-22 04:18:44'
    ),
    (
        39,
        39,
        NULL,
        'berkas_pendaftaran/3ORqJYCKBZoxyvG1AzwSe2wkWl4rrwrYHdFneEYZ.pdf',
        'berkas_pendaftaran/sGW76oA6LKrm2GXamqcKWs4bvLvoAQPjN1bHQuGc.pdf',
        'berkas_pendaftaran/5XO1Xw35Wh2ORCLtkkl1f8r8Xag5reTgW1jg0ydj.pdf',
        'berkas_pendaftaran/hjwOHqT2qhB3B3dFcu3dBzjhXIiXO6bs7Xf1bHAw.pdf',
        'berkas_pendaftaran/8FEfGoYu1isDq8h7IpHrQt3VDD4H8cDn57dXat4G.jpg',
        '2025-08-22 05:14:42',
        '2025-08-22 05:14:42'
    ),
    (
        40,
        40,
        NULL,
        'berkas_pendaftaran/v8SSvdUREUPV27JRTIgk1yEuBVcEcrhO74KV0YXk.pdf',
        'berkas_pendaftaran/YlioJCv9ZfKKv0wlwLn4Nj9hEt4ev4H50xvUMvxE.pdf',
        'berkas_pendaftaran/XMS7ZNw3tDctgP73DfMnXeqRJg0iPBsiQVgLFgkf.pdf',
        'berkas_pendaftaran/hjdBB5ozV4LLbV0MhPIIhMiRcqEWHXsMY5XHKrx9.pdf',
        'berkas_pendaftaran/q5hNWDe446FqAQ1SEJMDuWnzc9MCVfhRwxYZV6Wk.jpg',
        '2025-08-22 05:19:47',
        '2025-08-22 05:19:47'
    ),
    (
        41,
        41,
        NULL,
        'berkas_pendaftaran/tyJiOd7prhvuwB93dSAZQvPQsbcgzTusuFVhLQfM.pdf',
        'berkas_pendaftaran/jJ6x4xRXG5O1OeSHGRoez4NSVOcA4r7wxIsimQAZ.jpg',
        'berkas_pendaftaran/ZszjILzIQo3bYVOGoH7cyK8dLC5qeNWYJ55x3MdV.pdf',
        'berkas_pendaftaran/f48NCWEXGyjk1WYUnpp2DPRsXYSm2vpvxljcEx9F.jpg',
        'berkas_pendaftaran/LBRAYiV8HeKpOOnNFYGPDbr2aoD9zGzqvZKiwjIk.jpg',
        '2025-08-22 06:11:46',
        '2025-08-22 06:11:46'
    ),
    (
        42,
        42,
        NULL,
        'berkas_pendaftaran/bwKbQLs04xFduhzeMfWHreb7TzghGokhWzkN5s3w.jpg',
        'berkas_pendaftaran/TXWS5sc2aJX92DUFK11RfvNg3fTSzy7NYlkFrdi0.jpg',
        'berkas_pendaftaran/6B1efcEwVXaejrBrkvQWyhBV0U8iubXfmnCzHMZK.jpg',
        'berkas_pendaftaran/cNZzUeMPjcs5tGVW7JZShGN4KqjDUi5ohIwnOfYv.jpg',
        'berkas_pendaftaran/Iqk6B8bh9Y3a99E6EelgFuq0cqUsac6VH1LTx8mk.jpg',
        '2025-08-22 06:50:04',
        '2025-08-22 06:50:04'
    ),
    (
        43,
        43,
        NULL,
        'berkas_pendaftaran/zFhTIAzHbNyfwLf4oPhgw2THRiRj3StY2oSm4UrL.jpg',
        'berkas_pendaftaran/rOL7aOBJGvWCNk0Zp3N2dpDDriSCtgWC145gHyIw.jpg',
        'berkas_pendaftaran/60KwNQCrVMUBOXinzA52jVeksl9n79vKpbK5B9kq.jpg',
        'berkas_pendaftaran/vRjSHwdGxTmPWQb4D6YvAalvI1fiuUYGQS2PYsW1.jpg',
        'berkas_pendaftaran/fyDQgD3yTQptvXsu3TbPzekItmmbbqBE6QzfnP4S.jpg',
        '2025-08-22 07:00:55',
        '2025-08-22 07:00:55'
    ),
    (
        44,
        44,
        NULL,
        'berkas_pendaftaran/qxFhZ7rXwgZpO9ovr6J0VDRxzyx4fNEhLTt6Iwy3.pdf',
        'berkas_pendaftaran/bv6JGaQrI53HaEEOf6oWDIzZfpst4hJfFTc5KxOf.pdf',
        'berkas_pendaftaran/jsCH9hiUBO8aiwGgYA7amUIbHHhuXZF3NxYBepe9.pdf',
        'berkas_pendaftaran/4kK81RD5VzzGrzkFCGIDp9IGlLzMLcBtDMgy5Dfp.pdf',
        'berkas_pendaftaran/aknZUt0HHpR6BeGwoG2YiAdtkP0uZoqX1QcfyV6W.jpg',
        '2025-08-22 07:03:44',
        '2025-08-22 07:03:44'
    ),
    (
        45,
        45,
        NULL,
        'berkas_pendaftaran/MfzmzSpRO5C7OWROeDxpzwNW2k4jXzViQDHMkBrW.jpg',
        'berkas_pendaftaran/IKI3Pgkt1LHE34iDDd7BSwaGzSRB4v1kzDz8r03g.jpg',
        'berkas_pendaftaran/Y7KEXZNYzCGhU3Zwty7nOystJNwPPCbMz5waOHKL.png',
        'berkas_pendaftaran/DlNd7S6HRAVS5OkOUnUAtsBZh8vLQafJn7tXT0Mn.png',
        'berkas_pendaftaran/cqRzx429PquHm0fUHW3zVPiLQXYfQFFhQHUlsYJt.png',
        '2025-08-22 07:40:52',
        '2025-08-22 07:40:52'
    ),
    (
        46,
        46,
        NULL,
        'berkas_pendaftaran/6IrI4C54EAUBWYWZvGHPjoP9GMfNyce6GhWfhp8A.jpg',
        'berkas_pendaftaran/JCkakLo9Bs47qYRtjCcRZdvh8Ca4BGnEfUOuFa8u.jpg',
        'berkas_pendaftaran/5ZqIk9yTG19GEl3lAIDCv8xOboXKWfQ9XRLQvkMz.pdf',
        'berkas_pendaftaran/0M7eXvwUKioTi8DUG5FNhh7XJM1dSxH04JP1g1Gu.pdf',
        'berkas_pendaftaran/z2HRbXQV1VWguzEYmyfChLgFd6veY2vUlkTNAYPQ.jpg',
        '2025-08-22 07:53:55',
        '2025-08-22 07:53:55'
    ),
    (
        47,
        47,
        NULL,
        'berkas_pendaftaran/04DbT3JFCazyBwm3Y7ufT6uLgJVLEeSWN3XnCI9D.jpg',
        'berkas_pendaftaran/zYGMC9jaSPPGVGiec0Je6lHeubSkuUj1o2a0A69d.jpg',
        'berkas_pendaftaran/mpRKkUSadjWa0AJdX6dIy7LVnBSyVYwHeIkGelSC.jpg',
        'berkas_pendaftaran/61zteKjFKVmvleKvdlpGOyIXIRFbUp0TpRtwdhC6.jpg',
        'berkas_pendaftaran/ZdhHQCre0m1Lzr9l8bJFDn21Oquqsv2SE5JTALXp.jpg',
        '2025-08-22 07:58:16',
        '2025-08-22 07:58:16'
    ),
    (
        48,
        48,
        NULL,
        'berkas_pendaftaran/AJE8BaOgGskaOX9Sr7H8HxohPsJQUpLad1cTvnHG.jpg',
        'berkas_pendaftaran/JbCQVj7PBBiDk2zRN5TtDQQ4AbJt80fgklq5GUia.jpg',
        'berkas_pendaftaran/z0uwoagegYJB7whKl5E5IZTcj5t2VxBOBvk2321a.jpg',
        'berkas_pendaftaran/hrbq050eV3Taa32f3yxQALdWKlrlWHybVjGgyY7q.jpg',
        'berkas_pendaftaran/koqZXVDHFY4ZNKSyz0IcJGf0ntUGHAnqEYCFK5mA.png',
        '2025-08-22 09:32:46',
        '2025-08-22 09:32:46'
    ),
    (
        49,
        49,
        NULL,
        'berkas_pendaftaran/9fQVf4NsmdvUP9oyi7Hz0rSS7YOpdsdZFcAShy1s.jpg',
        'berkas_pendaftaran/T0ZusrIsODow7HqwHaUoVWXlvTpQTMoIDNsHKFnf.jpg',
        'berkas_pendaftaran/IPthDaLgSuM8o7yZh24dFwl1uGYGy7FwtqUm57RY.pdf',
        'berkas_pendaftaran/GucZbwMNxXxdHWI7JvTCuMltBE3UscJVzg6C43l1.jpg',
        'berkas_pendaftaran/tlHhI6AXJrSPmWR146ksiBeWZKTJdYOUUvMiFAPc.jpg',
        '2025-08-22 11:13:03',
        '2025-08-22 11:13:03'
    ),
    (
        50,
        50,
        NULL,
        'berkas_pendaftaran/hpA9L6sUVOOOH8fKRKUv59ztlfmds1bvUWwPUsnC.jpg',
        'berkas_pendaftaran/aEqB2t7wEQE0sMSdZvCnCITi51zBPvACEGUdJE9m.jpg',
        'berkas_pendaftaran/mtco7Mxws0tj68fbhe4R6M0ah7ov4V96uBHv6Y22.jpg',
        'berkas_pendaftaran/0eWxsoxcQ2q68nxwElgt4sTUQAIH2t4qH56NfQov.jpg',
        'berkas_pendaftaran/wq9X52B0haTrEJZR0IKaBKanklxGy5lA6ye3KjHO.png',
        '2025-08-22 11:45:00',
        '2025-08-22 11:45:00'
    ),
    (
        51,
        51,
        NULL,
        'berkas_pendaftaran/rX6xsikfnEAE8M4XiI66dxe4DysFLFgNkp7pa5rh.jpg',
        'berkas_pendaftaran/7pjoXadFE9haWx4TNRydrEm1SQ2GIQYwGGCptoOI.jpg',
        'berkas_pendaftaran/8vyBLngHb6UazM5pgbjfTESQfun5LARf2xTgorhM.pdf',
        'berkas_pendaftaran/etzPQnHYyFGlqFRcXNf6kczonESqLFrUyrEh9wWb.jpg',
        'berkas_pendaftaran/VIjwLJkbA5PMdSNn9ncNSypduWY9RfsNUeoBKWNc.jpg',
        '2025-08-22 12:16:46',
        '2025-08-22 12:16:46'
    ),
    (
        52,
        52,
        NULL,
        'berkas_pendaftaran/0CkV5fMkryv4wMnCXev6U2et0Mu6k2hBfNAPOTXH.jpg',
        'berkas_pendaftaran/NiGJg2G1HascFoNYCkuLmnJvWfEpgWE6WsjytiXJ.pdf',
        'berkas_pendaftaran/tAHk8XWooyhPCqgI0gxOdJun12Lm9j36HlQ8DCy5.pdf',
        'berkas_pendaftaran/NAd3DiZkNyowtMZeTtGjesiR9mY6Bji1Sb9RprNZ.jpg',
        'berkas_pendaftaran/zoQMdme63occuQT2znJZKbSoVAfyHkA4hSe4g6Rc.jpg',
        '2025-08-22 12:22:18',
        '2025-08-22 12:22:18'
    ),
    (
        53,
        53,
        NULL,
        'berkas_pendaftaran/KtK1zu4POxrRF4mUUJ14QmdOLbhTgg6v4wKvg9y5.jpg',
        'berkas_pendaftaran/K46gUdMbWcZ6CfbDlMSCX9nGSYRDDQlacMQtxPQ3.jpg',
        'berkas_pendaftaran/Dnkqqs2vYLmFtO1UPCOmO1dMWTasnhPGiAjhe7yh.jpg',
        'berkas_pendaftaran/5e6VjeiWcq0GTHpSoPh49p9RYvZm7GfaxkvAaR0c.jpg',
        'berkas_pendaftaran/wibIDA71ECGJDChTKsUULX1OCHpnZEVQQvx8zjHS.png',
        '2025-08-22 13:14:10',
        '2025-08-22 13:14:10'
    ),
    (
        54,
        54,
        NULL,
        'berkas_pendaftaran/5dnuQ4inp73qkxRJlJoeibAfABbX6M06MolmQoNf.pdf',
        'berkas_pendaftaran/AEUs1xEA10F9q4FAol5iYYtKAMhZI0J9SikxNUTT.pdf',
        'berkas_pendaftaran/U8KwDalFO8v3tcTPQggxHmToE8NBjHWALxblKeEJ.pdf',
        'berkas_pendaftaran/4TufSx4SHMxhFBNZV46KdRSIc8IT2MQnUn1eacd0.jpg',
        'berkas_pendaftaran/mb4RDnYTKpBYBxOxKbCTsh7OMPkHrJhtG5rtg0Q8.jpg',
        '2025-08-22 13:34:42',
        '2025-08-22 13:34:42'
    ),
    (
        55,
        55,
        NULL,
        'berkas_pendaftaran/PxFTZFZNfc9CuvDblnvmaWWFXfu31bS0wLhLyCuQ.pdf',
        'berkas_pendaftaran/uejzoELBlNpP330yvXnjAw5hptkCxeZPAhDnt5cm.pdf',
        'berkas_pendaftaran/dophKBifmilYTxvtgu3lgxh3oNbqmNxFi5VbppxT.pdf',
        'berkas_pendaftaran/tUvI1giU53Cs5HpUkvtBctewXkjvBbSppSPzt4Xg.pdf',
        'berkas_pendaftaran/n6TBEYs8Llzx4BMyzbrqnjJnHk0dvUIu3ZDrt6jk.jpg',
        '2025-08-22 13:39:15',
        '2025-08-22 13:39:15'
    ),
    (
        56,
        56,
        NULL,
        'berkas_pendaftaran/LEFlgnKKmMUaz8jak7wqeap0Pno9f7aSvvKqGMid.jpg',
        'berkas_pendaftaran/A8dRcTxtRc9gvHqQu0AulwRKemFKNKgaMXQyOOJX.jpg',
        'berkas_pendaftaran/z7RhPvWWRZuZnOX84Y4qtOO1ChfaNzREaeWquCOk.jpg',
        'berkas_pendaftaran/0aepAYPqfGOd9XrnGhkXXzkWeuitOLD5JMEnbUHD.jpg',
        'berkas_pendaftaran/gt0TNPAXCS2CmcBlWQLOn4xLmXBXiVl6kwSAZdQF.jpg',
        '2025-08-22 13:41:46',
        '2025-08-22 13:41:46'
    ),
    (
        57,
        57,
        NULL,
        'berkas_pendaftaran/nFXm5BfHvZi02kwWbuxQpW2SHfam5eOi3W52saew.jpg',
        'berkas_pendaftaran/65sU2GcEvoU1Img1z2ixnCjkeqyyxptffNs8cB02.jpg',
        'berkas_pendaftaran/7iAyX3U8UxLxmQH9OzGnLnhIwNkUhV0eUODu8PKk.pdf',
        'berkas_pendaftaran/Jwqy77QjWffdrwOLlOyn6DHkQ167X1ooXmDCSPwu.jpg',
        'berkas_pendaftaran/csf6WIMkLxYX8S74EpT9xM6bPsoRWgfSUuB3VxdZ.jpg',
        '2025-08-22 13:42:27',
        '2025-08-22 13:42:27'
    ),
    (
        58,
        58,
        NULL,
        'berkas_pendaftaran/zUrdkZO0EywqFMQE9ktEgcDI1Hw7rZvJBLNT8ePb.pdf',
        'berkas_pendaftaran/r9nVL3IGneWTch2fxxNlxqppx6orW1Ww7dFeUAHb.pdf',
        'berkas_pendaftaran/qhso1gYSsegHUiu6QgOAF9UXWNWtXs3ETmVjvCKa.pdf',
        'berkas_pendaftaran/OjjCjLbbCOpsmZUSbeRaGCCrHEvWVrSuiYaonlAD.pdf',
        'berkas_pendaftaran/MDXGUIItGrV4TCD4ZHTV1bz4PoIdd0u4hjkTxJzo.jpg',
        '2025-08-23 09:23:46',
        '2025-08-23 09:23:46'
    ),
    (
        59,
        59,
        NULL,
        'berkas_pendaftaran/5Q8RAvrT0TPmkzFI0s4vnQDGgNWXqalSMnEx5Vev.jpg',
        'berkas_pendaftaran/pudyqbzzECOt0jm0nAMYJRTI3wIPNkIb7ETCnN9y.jpg',
        'berkas_pendaftaran/gA1GDtckYor1g5slXBDJURGX1QqlHzIsYssUWW63.jpg',
        'berkas_pendaftaran/f1WMCvPHi3240dqUmAfKPVsUVPx9rX8FdM3cc4pW.jpg',
        'berkas_pendaftaran/W39yAuyLvdooifm7GkM0FjAXA16Ufa3fnuBpSuzo.jpg',
        '2025-08-23 14:19:14',
        '2025-08-23 14:19:14'
    );

INSERT INTO
    `users` (
        `id`,
        `name`,
        `email`,
        `phone`,
        `email_verified_at`,
        `password`,
        `remember_token`,
        `created_at`,
        `updated_at`
    )
VALUES
    (
        1,
        'Admin UPT',
        'admin@upt.com',
        NULL,
        NULL,
        '$2y$12$PcjIShw/orOFrbQzUgyFmO8TYB37EBKi7kJRZWWHmH1IZGWT6odhC',
        'Ui9BmY8OkzLcEWDPXCVtTkUo2Znmy2NHG9cwAmSFIJvuTuvUPQyyjBcwMLa4',
        '2025-08-19 06:35:43',
        '2025-08-19 06:35:43'
    ),
    (
        2,
        'Admin',
        'admin@admin.com',
        NULL,
        NULL,
        '$2y$12$PPXEYBmRXF2pd9FJ8jMXVuCCAS2nLW3ssi3AvLFNr2lTrYyKh13Eu',
        NULL,
        '2025-08-19 06:35:43',
        '2025-08-19 06:35:43'
    );
